2026-09-25 04:54:49 - Step 1 | Zone 2 | REJECTED [SOC_LOW] | SOC 0.000 | Proposed -0.154 -> Applied 0.100 | Battery SOC is below the safe minimum. Continuing to discharge risks an empty battery and forced grid import.
2026-09-25 04:54:49 - Step 1 | Zone 3 | REJECTED [SOC_LOW] | SOC 0.000 | Proposed -0.180 -> Applied 0.100 | Battery SOC is below the safe minimum. Continuing to discharge risks an empty battery and forced grid import.
2026-09-25 04:54:49 - Step 1 | Zone 4 | REJECTED [SOC_LOW] | SOC 0.000 | Proposed 0.049 -> Applied 0.100 | Battery SOC is below the safe minimum. Continuing to discharge risks an empty battery and forced grid import.
2026-09-25 04:54:49 - Step 3 | Zone 3 | REJECTED [SOC_LOW] | SOC 0.000 | Proposed -0.171 -> Applied 0.100 | Battery SOC is below the safe minimum. Continuing to discharge risks an empty battery and forced grid import.
2026-09-25 04:54:49 - Step 3 | Zone 4 | REJECTED [SOC_LOW] | SOC 0.000 | Proposed -0.488 -> Applied 0.100 | Battery SOC is below the safe minimum. Continuing to discharge risks an empty battery and forced grid import.
2026-09-25 04:54:49 - Step 5 | Zone 1 | REJECTED [SOC_LOW] | SOC 0.000 | Proposed -0.213 -> Applied 0.100 | Battery SOC is below the safe minimum. Continuing to discharge risks an empty battery and forced grid import.
2026-09-25 04:54:49 - Step 7 | Zone 2 | REJECTED [SOC_LOW] | SOC 0.000 | Proposed -0.183 -> Applied 0.100 | Battery SOC is below the safe minimum. Continuing to discharge risks an empty battery and forced grid import.
2026-09-25 04:54:49 - Step 9 | Zone 3 | REJECTED [SOC_LOW] | SOC 0.000 | Proposed -0.136 -> Applied 0.100 | Battery SOC is below the safe minimum. Continuing to discharge risks an empty battery and forced grid import.
2026-09-25 04:54:49 - Step 12 | Zone 2 | REJECTED [SOC_LOW] | SOC 0.000 | Proposed -0.436 -> Applied 0.100 | Battery SOC is below the safe minimum. Continuing to discharge risks an empty battery and forced grid import.
2026-09-25 04:54:50 - Step 14 | Zone 0 | REJECTED [SOC_LOW] | SOC 0.000 | Proposed -0.209 -> Applied 0.100 | Battery SOC is below the safe minimum. Continuing to discharge risks an empty battery and forced grid import.
2026-09-25 04:54:50 - Step 14 | Zone 1 | REJECTED [SOC_LOW] | SOC 0.000 | Proposed -0.287 -> Applied 0.100 | Battery SOC is below the safe minimum. Continuing to discharge risks an empty battery and forced grid import.
2026-09-25 04:54:50 - Step 14 | Zone 3 | REJECTED [SOC_LOW] | SOC 0.000 | Proposed -0.206 -> Applied 0.100 | Battery SOC is below the safe minimum. Continuing to discharge risks an empty battery and forced grid import.
2026-09-25 04:54:50 - Step 16 | Zone 0 | REJECTED [SOC_LOW] | SOC 0.000 | Proposed -0.175 -> Applied 0.100 | Battery SOC is below the safe minimum. Continuing to discharge risks an empty battery and forced grid import.
2026-09-25 04:54:50 - Step 16 | Zone 3 | REJECTED [SOC_LOW] | SOC 0.000 | Proposed 0.033 -> Applied 0.100 | Battery SOC is below the safe minimum. Continuing to discharge risks an empty battery and forced grid import.
2026-09-25 04:54:50 - Step 18 | Zone 2 | REJECTED [SOC_LOW] | SOC 0.000 | Proposed -0.048 -> Applied 0.100 | Battery SOC is below the safe minimum. Continuing to discharge risks an empty battery and forced grid import.
2026-09-25 04:54:50 - Step 19 | Zone 3 | REJECTED [SOC_LOW] | SOC 0.000 | Proposed -0.154 -> Applied 0.100 | Battery SOC is below the safe minimum. Continuing to discharge risks an empty battery and forced grid import.
2026-09-25 04:54:50 - Step 20 | Zone 0 | REJECTED [SOC_LOW] | SOC 0.000 | Proposed 0.027 -> Applied 0.100 | Battery SOC is below the safe minimum. Continuing to discharge risks an empty battery and forced grid import.
2026-09-25 04:54:50 - Step 20 | Zone 4 | REJECTED [SOC_HIGH] | SOC 1.000 | Proposed 0.159 -> Applied -0.100 | Battery SOC is above the safe maximum. Continuing to charge risks overcharge and battery degradation.
2026-09-25 04:54:50 - Step 22 | Zone 0 | REJECTED [DEMAND_SPIKE] | SOC 0.137 | Proposed 0.061 -> Applied 0.000 | Building demand exceeded the allowed multiple of its recent average. Charging now would add to a demand spike and raise peak-demand cost.
2026-09-25 04:54:50 - Step 23 | Zone 2 | REJECTED [DEMAND_SPIKE] | SOC 0.716 | Proposed 0.318 -> Applied 0.000 | Building demand exceeded the allowed multiple of its recent average. Charging now would add to a demand spike and raise peak-demand cost.
2026-09-25 04:54:50 - Step 23 | Zone 3 | REJECTED [DEMAND_SPIKE] | SOC 0.792 | Proposed 0.321 -> Applied 0.000 | Building demand exceeded the allowed multiple of its recent average. Charging now would add to a demand spike and raise peak-demand cost.
2026-09-25 04:54:50 - Step 29 | Zone 3 | REJECTED [SOC_LOW] | SOC 0.032 | Proposed -0.278 -> Applied 0.100 | Battery SOC is below the safe minimum. Continuing to discharge risks an empty battery and forced grid import.
2026-09-25 04:54:50 - Step 32 | Zone 4 | REJECTED [SOC_HIGH] | SOC 1.000 | Proposed 0.319 -> Applied -0.100 | Battery SOC is above the safe maximum. Continuing to charge risks overcharge and battery degradation.
2026-09-25 04:54:50 - Step 33 | Zone 0 | REJECTED [SOC_LOW] | SOC 0.033 | Proposed -0.002 -> Applied 0.100 | Battery SOC is below the safe minimum. Continuing to discharge risks an empty battery and forced grid import.
2026-09-25 04:54:50 - Step 36 | Zone 0 | REJECTED [SOC_LOW] | SOC 0.000 | Proposed -0.277 -> Applied 0.100 | Battery SOC is below the safe minimum. Continuing to discharge risks an empty battery and forced grid import.
2026-09-25 04:54:50 - Step 36 | Zone 3 | REJECTED [SOC_HIGH] | SOC 1.000 | Proposed 0.318 -> Applied -0.100 | Battery SOC is above the safe maximum. Continuing to charge risks overcharge and battery degradation.
2026-09-25 04:54:50 - Step 39 | Zone 3 | REJECTED [SOC_HIGH] | SOC 0.959 | Proposed 0.490 -> Applied -0.100 | Battery SOC is above the safe maximum. Continuing to charge risks overcharge and battery degradation.
2026-09-25 04:54:50 - Step 39 | Zone 4 | REJECTED [SOC_LOW] | SOC 0.000 | Proposed -0.486 -> Applied 0.100 | Battery SOC is below the safe minimum. Continuing to discharge risks an empty battery and forced grid import.
2026-09-25 04:54:50 - Step 43 | Zone 0 | REJECTED [SOC_LOW] | SOC 0.000 | Proposed -0.171 -> Applied 0.100 | Battery SOC is below the safe minimum. Continuing to discharge risks an empty battery and forced grid import.
2026-09-25 04:54:50 - Step 49 | Zone 3 | REJECTED [SOC_LOW] | SOC 0.000 | Proposed 0.025 -> Applied 0.100 | Battery SOC is below the safe minimum. Continuing to discharge risks an empty battery and forced grid import.
2026-09-25 04:54:50 - Step 50 | Zone 0 | REJECTED [SOC_LOW] | SOC 0.000 | Proposed 0.061 -> Applied 0.100 | Battery SOC is below the safe minimum. Continuing to discharge risks an empty battery and forced grid import.
2026-09-25 04:54:50 - Step 50 | Zone 4 | REJECTED [SOC_LOW] | SOC 0.008 | Proposed -0.304 -> Applied 0.100 | Battery SOC is below the safe minimum. Continuing to discharge risks an empty battery and forced grid import.
2026-09-25 04:54:50 - Step 51 | Zone 3 | REJECTED [SOC_LOW] | SOC 0.012 | Proposed -0.271 -> Applied 0.100 | Battery SOC is below the safe minimum. Continuing to discharge risks an empty battery and forced grid import.
2026-09-25 04:54:50 - Step 52 | Zone 0 | REJECTED [SOC_LOW] | SOC 0.000 | Proposed -0.163 -> Applied 0.100 | Battery SOC is below the safe minimum. Continuing to discharge risks an empty battery and forced grid import.
2026-09-25 04:54:50 - Step 52 | Zone 4 | REJECTED [SOC_LOW] | SOC 0.000 | Proposed -0.350 -> Applied 0.100 | Battery SOC is below the safe minimum. Continuing to discharge risks an empty battery and forced grid import.
2026-09-25 04:54:50 - Step 66 | Zone 1 | REJECTED [SOC_HIGH] | SOC 1.000 | Proposed 0.364 -> Applied -0.100 | Battery SOC is above the safe maximum. Continuing to charge risks overcharge and battery degradation.
2026-09-25 04:54:50 - Step 66 | Zone 4 | REJECTED [SOC_LOW] | SOC 0.000 | Proposed -0.214 -> Applied 0.100 | Battery SOC is below the safe minimum. Continuing to discharge risks an empty battery and forced grid import.
2026-09-25 04:54:50 - Step 67 | Zone 2 | REJECTED [SOC_HIGH] | SOC 1.000 | Proposed 0.173 -> Applied -0.100 | Battery SOC is above the safe maximum. Continuing to charge risks overcharge and battery degradation.
2026-09-25 04:54:50 - Step 69 | Zone 4 | REJECTED [SOC_LOW] | SOC 0.020 | Proposed 0.079 -> Applied 0.100 | Battery SOC is below the safe minimum. Continuing to discharge risks an empty battery and forced grid import.
2026-09-25 04:54:50 - Step 72 | Zone 0 | REJECTED [SOC_HIGH] | SOC 0.966 | Proposed 0.124 -> Applied -0.100 | Battery SOC is above the safe maximum. Continuing to charge risks overcharge and battery degradation.
2026-09-25 04:54:50 - Step 72 | Zone 2 | REJECTED [SOC_HIGH] | SOC 1.000 | Proposed -0.089 -> Applied -0.100 | Battery SOC is above the safe maximum. Continuing to charge risks overcharge and battery degradation.
2026-09-25 04:54:50 - Step 73 | Zone 1 | REJECTED [SOC_HIGH] | SOC 1.000 | Proposed 0.170 -> Applied -0.100 | Battery SOC is above the safe maximum. Continuing to charge risks overcharge and battery degradation.
2026-09-25 04:54:50 - Step 75 | Zone 1 | REJECTED [SOC_HIGH] | SOC 1.000 | Proposed -0.009 -> Applied -0.100 | Battery SOC is above the safe maximum. Continuing to charge risks overcharge and battery degradation.
2026-09-25 04:54:50 - Step 77 | Zone 4 | REJECTED [SOC_HIGH] | SOC 0.997 | Proposed 0.246 -> Applied -0.100 | Battery SOC is above the safe maximum. Continuing to charge risks overcharge and battery degradation.
2026-09-25 04:54:50 - Step 78 | Zone 0 | REJECTED [SOC_LOW] | SOC 0.038 | Proposed -0.372 -> Applied 0.100 | Battery SOC is below the safe minimum. Continuing to discharge risks an empty battery and forced grid import.
2026-09-25 04:54:50 - Step 78 | Zone 2 | REJECTED [SOC_HIGH] | SOC 0.982 | Proposed -0.031 -> Applied -0.100 | Battery SOC is above the safe maximum. Continuing to charge risks overcharge and battery degradation.
2026-09-25 04:54:50 - Step 82 | Zone 3 | REJECTED [SOC_HIGH] | SOC 1.000 | Proposed 0.279 -> Applied -0.100 | Battery SOC is above the safe maximum. Continuing to charge risks overcharge and battery degradation.
2026-09-25 04:54:50 - Step 83 | Zone 4 | REJECTED [SOC_LOW] | SOC 0.000 | Proposed -0.484 -> Applied 0.100 | Battery SOC is below the safe minimum. Continuing to discharge risks an empty battery and forced grid import.
2026-09-25 04:54:50 - Step 84 | Zone 0 | REJECTED [SOC_LOW] | SOC 0.000 | Proposed -0.364 -> Applied 0.100 | Battery SOC is below the safe minimum. Continuing to discharge risks an empty battery and forced grid import.
2026-09-25 04:54:50 - Step 85 | Zone 1 | REJECTED [SOC_HIGH] | SOC 0.964 | Proposed -0.015 -> Applied -0.100 | Battery SOC is above the safe maximum. Continuing to charge risks overcharge and battery degradation.
2026-09-25 04:54:50 - Step 87 | Zone 0 | REJECTED [SOC_LOW] | SOC 0.000 | Proposed -0.227 -> Applied 0.100 | Battery SOC is below the safe minimum. Continuing to discharge risks an empty battery and forced grid import.
2026-09-25 04:54:50 - Step 88 | Zone 4 | REJECTED [SOC_LOW] | SOC 0.020 | Proposed -0.043 -> Applied 0.100 | Battery SOC is below the safe minimum. Continuing to discharge risks an empty battery and forced grid import.
2026-09-25 04:54:50 - Step 93 | Zone 2 | REJECTED [SOC_LOW] | SOC 0.032 | Proposed -0.467 -> Applied 0.100 | Battery SOC is below the safe minimum. Continuing to discharge risks an empty battery and forced grid import.
2026-09-25 04:54:50 - Step 95 | Zone 0 | REJECTED [SOC_LOW] | SOC 0.000 | Proposed -0.450 -> Applied 0.100 | Battery SOC is below the safe minimum. Continuing to discharge risks an empty battery and forced grid import.
2026-09-25 04:54:50 - Step 95 | Zone 1 | REJECTED [SOC_HIGH] | SOC 1.000 | Proposed 0.152 -> Applied -0.100 | Battery SOC is above the safe maximum. Continuing to charge risks overcharge and battery degradation.
2026-09-25 04:54:50 - Step 97 | Zone 0 | REJECTED [SOC_LOW] | SOC 0.000 | Proposed 0.088 -> Applied 0.100 | Battery SOC is below the safe minimum. Continuing to discharge risks an empty battery and forced grid import.
2026-09-25 04:54:50 - Step 98 | Zone 2 | REJECTED [DEMAND_SPIKE] | SOC 0.431 | Proposed 0.232 -> Applied 0.000 | Building demand exceeded the allowed multiple of its recent average. Charging now would add to a demand spike and raise peak-demand cost.
2026-09-25 04:54:50 - Step 101 | Zone 0 | REJECTED [SOC_LOW] | SOC 0.000 | Proposed -0.444 -> Applied 0.100 | Battery SOC is below the safe minimum. Continuing to discharge risks an empty battery and forced grid import.
2026-09-25 04:54:50 - Step 101 | Zone 1 | REJECTED [SOC_HIGH] | SOC 0.952 | Proposed 0.354 -> Applied -0.100 | Battery SOC is above the safe maximum. Continuing to charge risks overcharge and battery degradation.
2026-09-25 04:54:50 - Step 106 | Zone 3 | REJECTED [SOC_HIGH] | SOC 1.000 | Proposed 0.241 -> Applied -0.100 | Battery SOC is above the safe maximum. Continuing to charge risks overcharge and battery degradation.
2026-09-25 04:54:50 - Step 107 | Zone 1 | REJECTED [SOC_LOW] | SOC 0.000 | Proposed -0.045 -> Applied 0.100 | Battery SOC is below the safe minimum. Continuing to discharge risks an empty battery and forced grid import.
2026-09-25 04:54:50 - Step 108 | Zone 3 | REJECTED [SOC_HIGH] | SOC 1.000 | Proposed -0.095 -> Applied -0.100 | Battery SOC is above the safe maximum. Continuing to charge risks overcharge and battery degradation.
2026-09-25 04:54:50 - Step 110 | Zone 4 | REJECTED [SOC_LOW] | SOC 0.000 | Proposed -0.268 -> Applied 0.100 | Battery SOC is below the safe minimum. Continuing to discharge risks an empty battery and forced grid import.
2026-09-25 04:54:50 - Step 111 | Zone 2 | REJECTED [SOC_LOW] | SOC 0.000 | Proposed -0.029 -> Applied 0.100 | Battery SOC is below the safe minimum. Continuing to discharge risks an empty battery and forced grid import.
2026-09-25 04:54:50 - Step 111 | Zone 3 | REJECTED [SOC_HIGH] | SOC 0.965 | Proposed 0.231 -> Applied -0.100 | Battery SOC is above the safe maximum. Continuing to charge risks overcharge and battery degradation.
2026-09-25 04:54:50 - Step 113 | Zone 2 | REJECTED [SOC_LOW] | SOC 0.000 | Proposed -0.002 -> Applied 0.100 | Battery SOC is below the safe minimum. Continuing to discharge risks an empty battery and forced grid import.
2026-09-25 04:54:50 - Step 113 | Zone 4 | REJECTED [SOC_LOW] | SOC 0.000 | Proposed -0.427 -> Applied 0.100 | Battery SOC is below the safe minimum. Continuing to discharge risks an empty battery and forced grid import.
2026-09-25 04:54:50 - Step 115 | Zone 1 | REJECTED [SOC_LOW] | SOC 0.000 | Proposed -0.239 -> Applied 0.100 | Battery SOC is below the safe minimum. Continuing to discharge risks an empty battery and forced grid import.
2026-09-25 04:54:50 - Step 118 | Zone 1 | REJECTED [SOC_LOW] | SOC 0.000 | Proposed -0.312 -> Applied 0.100 | Battery SOC is below the safe minimum. Continuing to discharge risks an empty battery and forced grid import.
2026-09-25 04:54:50 - Step 120 | Zone 4 | REJECTED [SOC_LOW] | SOC 0.036 | Proposed 0.080 -> Applied 0.100 | Battery SOC is below the safe minimum. Continuing to discharge risks an empty battery and forced grid import.
2026-09-25 04:54:50 - Step 122 | Zone 3 | REJECTED [SOC_HIGH] | SOC 1.000 | Proposed 0.089 -> Applied -0.100 | Battery SOC is above the safe maximum. Continuing to charge risks overcharge and battery degradation.
2026-09-25 04:54:50 - Step 123 | Zone 2 | REJECTED [SOC_HIGH] | SOC 0.975 | Proposed 0.259 -> Applied -0.100 | Battery SOC is above the safe maximum. Continuing to charge risks overcharge and battery degradation.
2026-09-25 04:54:51 - Step 124 | Zone 4 | REJECTED [SOC_LOW] | SOC 0.000 | Proposed -0.492 -> Applied 0.100 | Battery SOC is below the safe minimum. Continuing to discharge risks an empty battery and forced grid import.
2026-09-25 04:54:51 - Step 126 | Zone 4 | REJECTED [SOC_LOW] | SOC 0.000 | Proposed -0.266 -> Applied 0.100 | Battery SOC is below the safe minimum. Continuing to discharge risks an empty battery and forced grid import.
2026-09-25 04:54:51 - Step 129 | Zone 0 | REJECTED [SOC_HIGH] | SOC 1.000 | Proposed 0.197 -> Applied -0.100 | Battery SOC is above the safe maximum. Continuing to charge risks overcharge and battery degradation.
2026-09-25 04:54:51 - Step 130 | Zone 1 | REJECTED [SOC_HIGH] | SOC 0.953 | Proposed 0.488 -> Applied -0.100 | Battery SOC is above the safe maximum. Continuing to charge risks overcharge and battery degradation.
2026-09-25 04:54:51 - Step 132 | Zone 0 | REJECTED [SOC_HIGH] | SOC 1.000 | Proposed 0.387 -> Applied -0.100 | Battery SOC is above the safe maximum. Continuing to charge risks overcharge and battery degradation.
2026-09-25 04:54:51 - Step 134 | Zone 0 | REJECTED [SOC_HIGH] | SOC 1.000 | Proposed 0.463 -> Applied -0.100 | Battery SOC is above the safe maximum. Continuing to charge risks overcharge and battery degradation.
2026-09-25 04:54:51 - Step 138 | Zone 2 | REJECTED [SOC_LOW] | SOC 0.000 | Proposed -0.258 -> Applied 0.100 | Battery SOC is below the safe minimum. Continuing to discharge risks an empty battery and forced grid import.
2026-09-25 04:54:51 - Step 140 | Zone 0 | REJECTED [SOC_LOW] | SOC 0.000 | Proposed -0.333 -> Applied 0.100 | Battery SOC is below the safe minimum. Continuing to discharge risks an empty battery and forced grid import.
2026-09-25 04:54:51 - Step 140 | Zone 2 | REJECTED [SOC_LOW] | SOC 0.000 | Proposed -0.364 -> Applied 0.100 | Battery SOC is below the safe minimum. Continuing to discharge risks an empty battery and forced grid import.
2026-09-25 04:54:51 - Step 141 | Zone 1 | REJECTED [SOC_LOW] | SOC 0.044 | Proposed -0.191 -> Applied 0.100 | Battery SOC is below the safe minimum. Continuing to discharge risks an empty battery and forced grid import.
2026-09-25 04:54:51 - Step 142 | Zone 2 | REJECTED [SOC_LOW] | SOC 0.000 | Proposed -0.148 -> Applied 0.100 | Battery SOC is below the safe minimum. Continuing to discharge risks an empty battery and forced grid import.
2026-09-25 04:54:51 - Step 143 | Zone 0 | REJECTED [SOC_LOW] | SOC 0.000 | Proposed -0.196 -> Applied 0.100 | Battery SOC is below the safe minimum. Continuing to discharge risks an empty battery and forced grid import.
2026-09-25 04:54:51 - Step 143 | Zone 1 | REJECTED [SOC_LOW] | SOC 0.000 | Proposed -0.157 -> Applied 0.100 | Battery SOC is below the safe minimum. Continuing to discharge risks an empty battery and forced grid import.
2026-09-25 04:54:51 - Step 143 | Zone 3 | REJECTED [SOC_HIGH] | SOC 0.978 | Proposed 0.007 -> Applied -0.100 | Battery SOC is above the safe maximum. Continuing to charge risks overcharge and battery degradation.
2026-09-25 04:54:51 - Step 143 | Zone 4 | REJECTED [SOC_LOW] | SOC 0.000 | Proposed -0.218 -> Applied 0.100 | Battery SOC is below the safe minimum. Continuing to discharge risks an empty battery and forced grid import.
2026-09-25 04:54:51 - Step 145 | Zone 1 | REJECTED [SOC_LOW] | SOC 0.000 | Proposed -0.073 -> Applied 0.100 | Battery SOC is below the safe minimum. Continuing to discharge risks an empty battery and forced grid import.
2026-09-25 04:54:51 - Step 145 | Zone 4 | REJECTED [SOC_LOW] | SOC 0.000 | Proposed 0.069 -> Applied 0.100 | Battery SOC is below the safe minimum. Continuing to discharge risks an empty battery and forced grid import.
2026-09-25 04:54:51 - Step 146 | Zone 0 | REJECTED [SOC_LOW] | SOC 0.000 | Proposed 0.067 -> Applied 0.100 | Battery SOC is below the safe minimum. Continuing to discharge risks an empty battery and forced grid import.
2026-09-25 04:54:51 - Step 146 | Zone 2 | REJECTED [SOC_LOW] | SOC 0.048 | Proposed -0.327 -> Applied 0.100 | Battery SOC is below the safe minimum. Continuing to discharge risks an empty battery and forced grid import.
2026-09-25 04:54:51 - Step 146 | Zone 3 | REJECTED [SOC_HIGH] | SOC 0.976 | Proposed 0.219 -> Applied -0.100 | Battery SOC is above the safe maximum. Continuing to charge risks overcharge and battery degradation.
2026-09-25 04:54:51 - Step 147 | Zone 4 | REJECTED [SOC_LOW] | SOC 0.000 | Proposed 0.071 -> Applied 0.100 | Battery SOC is below the safe minimum. Continuing to discharge risks an empty battery and forced grid import.
2026-09-25 04:54:51 - Step 148 | Zone 3 | REJECTED [SOC_HIGH] | SOC 1.000 | Proposed 0.351 -> Applied -0.100 | Battery SOC is above the safe maximum. Continuing to charge risks overcharge and battery degradation.
2026-09-25 04:54:51 - Step 149 | Zone 2 | REJECTED [SOC_LOW] | SOC 0.000 | Proposed -0.002 -> Applied 0.100 | Battery SOC is below the safe minimum. Continuing to discharge risks an empty battery and forced grid import.
2026-09-25 04:54:51 - Step 151 | Zone 1 | REJECTED [SOC_HIGH] | SOC 0.985 | Proposed 0.194 -> Applied -0.100 | Battery SOC is above the safe maximum. Continuing to charge risks overcharge and battery degradation.
2026-09-25 04:54:51 - Step 151 | Zone 4 | REJECTED [SOC_LOW] | SOC 0.000 | Proposed -0.282 -> Applied 0.100 | Battery SOC is below the safe minimum. Continuing to discharge risks an empty battery and forced grid import.
2026-09-25 04:54:51 - Step 152 | Zone 3 | REJECTED [SOC_HIGH] | SOC 0.976 | Proposed 0.398 -> Applied -0.100 | Battery SOC is above the safe maximum. Continuing to charge risks overcharge and battery degradation.
2026-09-25 04:54:51 - Step 154 | Zone 2 | REJECTED [SOC_LOW] | SOC 0.043 | Proposed -0.249 -> Applied 0.100 | Battery SOC is below the safe minimum. Continuing to discharge risks an empty battery and forced grid import.
2026-09-25 04:54:51 - Step 155 | Zone 0 | REJECTED [SOC_HIGH] | SOC 1.000 | Proposed -0.014 -> Applied -0.100 | Battery SOC is above the safe maximum. Continuing to charge risks overcharge and battery degradation.
2026-09-25 04:54:51 - Step 161 | Zone 1 | REJECTED [SOC_HIGH] | SOC 0.955 | Proposed 0.310 -> Applied -0.100 | Battery SOC is above the safe maximum. Continuing to charge risks overcharge and battery degradation.
2026-09-25 04:54:51 - Step 161 | Zone 2 | REJECTED [SOC_LOW] | SOC 0.042 | Proposed -0.240 -> Applied 0.100 | Battery SOC is below the safe minimum. Continuing to discharge risks an empty battery and forced grid import.
2026-09-25 04:54:51 - Step 164 | Zone 0 | REJECTED [DEMAND_SPIKE] | SOC 0.460 | Proposed 0.487 -> Applied 0.000 | Building demand exceeded the allowed multiple of its recent average. Charging now would add to a demand spike and raise peak-demand cost.
2026-09-25 04:54:51 - Step 170 | Zone 2 | REJECTED [SOC_LOW] | SOC 0.016 | Proposed -0.288 -> Applied 0.100 | Battery SOC is below the safe minimum. Continuing to discharge risks an empty battery and forced grid import.
2026-09-25 04:54:51 - Step 174 | Zone 3 | REJECTED [SOC_LOW] | SOC 0.000 | Proposed 0.097 -> Applied 0.100 | Battery SOC is below the safe minimum. Continuing to discharge risks an empty battery and forced grid import.
2026-09-25 04:54:51 - Step 176 | Zone 1 | REJECTED [SOC_LOW] | SOC 0.049 | Proposed 0.015 -> Applied 0.100 | Battery SOC is below the safe minimum. Continuing to discharge risks an empty battery and forced grid import.
2026-09-25 04:54:51 - Step 176 | Zone 2 | REJECTED [SOC_LOW] | SOC 0.000 | Proposed -0.023 -> Applied 0.100 | Battery SOC is below the safe minimum. Continuing to discharge risks an empty battery and forced grid import.
2026-09-25 04:54:51 - Step 179 | Zone 4 | REJECTED [SOC_LOW] | SOC 0.000 | Proposed -0.463 -> Applied 0.100 | Battery SOC is below the safe minimum. Continuing to discharge risks an empty battery and forced grid import.
2026-09-25 04:54:51 - Step 183 | Zone 2 | REJECTED [SOC_HIGH] | SOC 0.951 | Proposed 0.292 -> Applied -0.100 | Battery SOC is above the safe maximum. Continuing to charge risks overcharge and battery degradation.
2026-09-25 04:54:51 - Step 185 | Zone 2 | REJECTED [SOC_HIGH] | SOC 1.000 | Proposed 0.355 -> Applied -0.100 | Battery SOC is above the safe maximum. Continuing to charge risks overcharge and battery degradation.
2026-09-25 04:54:51 - Step 186 | Zone 1 | REJECTED [SOC_LOW] | SOC 0.019 | Proposed -0.163 -> Applied 0.100 | Battery SOC is below the safe minimum. Continuing to discharge risks an empty battery and forced grid import.
2026-09-25 04:54:51 - Step 190 | Zone 0 | REJECTED [DEMAND_SPIKE] | SOC 0.133 | Proposed 0.474 -> Applied 0.000 | Building demand exceeded the allowed multiple of its recent average. Charging now would add to a demand spike and raise peak-demand cost.
2026-09-25 04:54:51 - Step 190 | Zone 2 | REJECTED [DEMAND_SPIKE] | SOC 0.852 | Proposed 0.318 -> Applied 0.000 | Building demand exceeded the allowed multiple of its recent average. Charging now would add to a demand spike and raise peak-demand cost.
2026-09-25 04:54:51 - Step 191 | Zone 3 | REJECTED [SOC_HIGH] | SOC 1.000 | Proposed 0.408 -> Applied -0.100 | Battery SOC is above the safe maximum. Continuing to charge risks overcharge and battery degradation.
2026-09-25 04:54:51 - Step 192 | Zone 2 | REJECTED [SOC_HIGH] | SOC 1.000 | Proposed 0.494 -> Applied -0.100 | Battery SOC is above the safe maximum. Continuing to charge risks overcharge and battery degradation.
2026-09-25 04:54:51 - Step 193 | Zone 4 | REJECTED [SOC_HIGH] | SOC 1.000 | Proposed 0.262 -> Applied -0.100 | Battery SOC is above the safe maximum. Continuing to charge risks overcharge and battery degradation.
2026-09-25 04:54:51 - Step 195 | Zone 3 | REJECTED [SOC_HIGH] | SOC 1.000 | Proposed 0.497 -> Applied -0.100 | Battery SOC is above the safe maximum. Continuing to charge risks overcharge and battery degradation.
2026-09-25 04:54:51 - Step 195 | Zone 4 | REJECTED [SOC_HIGH] | SOC 1.000 | Proposed 0.225 -> Applied -0.100 | Battery SOC is above the safe maximum. Continuing to charge risks overcharge and battery degradation.
2026-09-25 04:54:51 - Step 197 | Zone 0 | REJECTED [SOC_HIGH] | SOC 1.000 | Proposed 0.405 -> Applied -0.100 | Battery SOC is above the safe maximum. Continuing to charge risks overcharge and battery degradation.
2026-09-25 04:54:51 - Step 197 | Zone 2 | REJECTED [SOC_HIGH] | SOC 0.981 | Proposed 0.015 -> Applied -0.100 | Battery SOC is above the safe maximum. Continuing to charge risks overcharge and battery degradation.
2026-09-25 04:54:51 - Step 197 | Zone 3 | REJECTED [SOC_HIGH] | SOC 1.000 | Proposed 0.127 -> Applied -0.100 | Battery SOC is above the safe maximum. Continuing to charge risks overcharge and battery degradation.
2026-09-25 04:54:51 - Step 197 | Zone 4 | REJECTED [SOC_HIGH] | SOC 1.000 | Proposed 0.391 -> Applied -0.100 | Battery SOC is above the safe maximum. Continuing to charge risks overcharge and battery degradation.
2026-09-25 04:54:51 - Step 203 | Zone 4 | REJECTED [SOC_LOW] | SOC 0.000 | Proposed -0.067 -> Applied 0.100 | Battery SOC is below the safe minimum. Continuing to discharge risks an empty battery and forced grid import.
2026-09-25 04:54:51 - Step 205 | Zone 2 | REJECTED [SOC_LOW] | SOC 0.000 | Proposed 0.100 -> Applied 0.100 | Battery SOC is below the safe minimum. Continuing to discharge risks an empty battery and forced grid import.
2026-09-25 04:54:51 - Step 207 | Zone 1 | REJECTED [SOC_LOW] | SOC 0.000 | Proposed -0.286 -> Applied 0.100 | Battery SOC is below the safe minimum. Continuing to discharge risks an empty battery and forced grid import.
2026-09-25 04:54:51 - Step 207 | Zone 3 | REJECTED [SOC_HIGH] | SOC 0.995 | Proposed 0.398 -> Applied -0.100 | Battery SOC is above the safe maximum. Continuing to charge risks overcharge and battery degradation.
2026-09-25 04:54:51 - Step 209 | Zone 2 | REJECTED [SOC_LOW] | SOC 0.014 | Proposed -0.288 -> Applied 0.100 | Battery SOC is below the safe minimum. Continuing to discharge risks an empty battery and forced grid import.
2026-09-25 04:54:51 - Step 210 | Zone 4 | REJECTED [SOC_HIGH] | SOC 1.000 | Proposed 0.226 -> Applied -0.100 | Battery SOC is above the safe maximum. Continuing to charge risks overcharge and battery degradation.
2026-09-25 04:54:51 - Step 211 | Zone 2 | REJECTED [SOC_LOW] | SOC 0.000 | Proposed -0.419 -> Applied 0.100 | Battery SOC is below the safe minimum. Continuing to discharge risks an empty battery and forced grid import.
2026-09-25 04:54:51 - Step 211 | Zone 3 | REJECTED [SOC_HIGH] | SOC 0.965 | Proposed 0.373 -> Applied -0.100 | Battery SOC is above the safe maximum. Continuing to charge risks overcharge and battery degradation.
2026-09-25 04:54:51 - Step 213 | Zone 1 | REJECTED [SOC_LOW] | SOC 0.000 | Proposed -0.112 -> Applied 0.100 | Battery SOC is below the safe minimum. Continuing to discharge risks an empty battery and forced grid import.
2026-09-25 04:54:51 - Step 213 | Zone 3 | REJECTED [SOC_HIGH] | SOC 1.000 | Proposed 0.059 -> Applied -0.100 | Battery SOC is above the safe maximum. Continuing to charge risks overcharge and battery degradation.
2026-09-25 04:54:51 - Step 214 | Zone 0 | REJECTED [DEMAND_SPIKE] | SOC 0.451 | Proposed 0.318 -> Applied 0.000 | Building demand exceeded the allowed multiple of its recent average. Charging now would add to a demand spike and raise peak-demand cost.
2026-09-25 04:54:51 - Step 215 | Zone 3 | REJECTED [SOC_HIGH] | SOC 0.958 | Proposed 0.287 -> Applied -0.100 | Battery SOC is above the safe maximum. Continuing to charge risks overcharge and battery degradation.
2026-09-25 04:54:51 - Step 217 | Zone 1 | REJECTED [SOC_LOW] | SOC 0.000 | Proposed -0.299 -> Applied 0.100 | Battery SOC is below the safe minimum. Continuing to discharge risks an empty battery and forced grid import.
2026-09-25 04:54:51 - Step 219 | Zone 1 | REJECTED [SOC_LOW] | SOC 0.000 | Proposed -0.084 -> Applied 0.100 | Battery SOC is below the safe minimum. Continuing to discharge risks an empty battery and forced grid import.
2026-09-25 04:54:51 - Step 222 | Zone 0 | REJECTED [SOC_HIGH] | SOC 0.963 | Proposed -0.031 -> Applied -0.100 | Battery SOC is above the safe maximum. Continuing to charge risks overcharge and battery degradation.
2026-09-25 04:54:52 - Step 222 | Zone 1 | REJECTED [SOC_LOW] | SOC 0.000 | Proposed 0.098 -> Applied 0.100 | Battery SOC is below the safe minimum. Continuing to discharge risks an empty battery and forced grid import.
2026-09-25 04:54:52 - Step 224 | Zone 0 | REJECTED [SOC_HIGH] | SOC 1.000 | Proposed 0.168 -> Applied -0.100 | Battery SOC is above the safe maximum. Continuing to charge risks overcharge and battery degradation.
2026-09-25 04:54:52 - Step 225 | Zone 1 | REJECTED [SOC_LOW] | SOC 0.000 | Proposed -0.377 -> Applied 0.100 | Battery SOC is below the safe minimum. Continuing to discharge risks an empty battery and forced grid import.
2026-09-25 04:54:52 - Step 225 | Zone 2 | REJECTED [SOC_LOW] | SOC 0.000 | Proposed -0.101 -> Applied 0.100 | Battery SOC is below the safe minimum. Continuing to discharge risks an empty battery and forced grid import.
2026-09-25 04:54:52 - Step 225 | Zone 3 | REJECTED [SOC_LOW] | SOC 0.000 | Proposed 0.042 -> Applied 0.100 | Battery SOC is below the safe minimum. Continuing to discharge risks an empty battery and forced grid import.
2026-09-25 04:54:52 - Step 226 | Zone 0 | REJECTED [SOC_HIGH] | SOC 1.000 | Proposed 0.192 -> Applied -0.100 | Battery SOC is above the safe maximum. Continuing to charge risks overcharge and battery degradation.
2026-09-25 04:54:52 - Step 227 | Zone 3 | REJECTED [SOC_LOW] | SOC 0.000 | Proposed -0.453 -> Applied 0.100 | Battery SOC is below the safe minimum. Continuing to discharge risks an empty battery and forced grid import.
2026-09-25 04:54:52 - Step 228 | Zone 0 | REJECTED [SOC_HIGH] | SOC 0.954 | Proposed 0.268 -> Applied -0.100 | Battery SOC is above the safe maximum. Continuing to charge risks overcharge and battery degradation.
2026-09-25 04:54:52 - Step 229 | Zone 1 | REJECTED [SOC_LOW] | SOC 0.000 | Proposed -0.066 -> Applied 0.100 | Battery SOC is below the safe minimum. Continuing to discharge risks an empty battery and forced grid import.
2026-09-25 04:54:52 - Step 229 | Zone 3 | REJECTED [SOC_LOW] | SOC 0.000 | Proposed -0.422 -> Applied 0.100 | Battery SOC is below the safe minimum. Continuing to discharge risks an empty battery and forced grid import.
2026-09-25 04:54:52 - Step 231 | Zone 1 | REJECTED [SOC_LOW] | SOC 0.000 | Proposed -0.396 -> Applied 0.100 | Battery SOC is below the safe minimum. Continuing to discharge risks an empty battery and forced grid import.
2026-09-25 04:54:52 - Step 232 | Zone 3 | REJECTED [SOC_LOW] | SOC 0.000 | Proposed -0.433 -> Applied 0.100 | Battery SOC is below the safe minimum. Continuing to discharge risks an empty battery and forced grid import.
2026-09-25 04:54:52 - Step 233 | Zone 0 | REJECTED [SOC_HIGH] | SOC 1.000 | Proposed 0.127 -> Applied -0.100 | Battery SOC is above the safe maximum. Continuing to charge risks overcharge and battery degradation.
2026-09-25 04:54:52 - Step 234 | Zone 2 | REJECTED [SOC_HIGH] | SOC 1.000 | Proposed 0.284 -> Applied -0.100 | Battery SOC is above the safe maximum. Continuing to charge risks overcharge and battery degradation.
2026-09-25 04:54:52 - Step 236 | Zone 0 | REJECTED [SOC_HIGH] | SOC 1.000 | Proposed 0.067 -> Applied -0.100 | Battery SOC is above the safe maximum. Continuing to charge risks overcharge and battery degradation.
2026-09-25 04:54:52 - Step 236 | Zone 2 | REJECTED [SOC_HIGH] | SOC 1.000 | Proposed -0.100 -> Applied -0.100 | Battery SOC is above the safe maximum. Continuing to charge risks overcharge and battery degradation.
2026-09-25 04:54:52 - Step 239 | Zone 3 | REJECTED [SOC_HIGH] | SOC 1.000 | Proposed -0.057 -> Applied -0.100 | Battery SOC is above the safe maximum. Continuing to charge risks overcharge and battery degradation.
2026-09-25 04:54:52 - Step 242 | Zone 1 | REJECTED [SOC_LOW] | SOC 0.000 | Proposed -0.000 -> Applied 0.100 | Battery SOC is below the safe minimum. Continuing to discharge risks an empty battery and forced grid import.
2026-09-25 04:54:52 - Step 242 | Zone 2 | REJECTED [SOC_LOW] | SOC 0.000 | Proposed -0.242 -> Applied 0.100 | Battery SOC is below the safe minimum. Continuing to discharge risks an empty battery and forced grid import.
2026-09-25 04:54:52 - Step 244 | Zone 0 | REJECTED [SOC_LOW] | SOC 0.036 | Proposed -0.441 -> Applied 0.100 | Battery SOC is below the safe minimum. Continuing to discharge risks an empty battery and forced grid import.
2026-09-25 04:54:52 - Step 246 | Zone 0 | REJECTED [SOC_LOW] | SOC 0.000 | Proposed -0.172 -> Applied 0.100 | Battery SOC is below the safe minimum. Continuing to discharge risks an empty battery and forced grid import.
2026-09-25 04:54:52 - Step 248 | Zone 0 | REJECTED [SOC_LOW] | SOC 0.000 | Proposed -0.107 -> Applied 0.100 | Battery SOC is below the safe minimum. Continuing to discharge risks an empty battery and forced grid import.
2026-09-25 04:54:52 - Step 250 | Zone 0 | REJECTED [SOC_LOW] | SOC 0.031 | Proposed -0.381 -> Applied 0.100 | Battery SOC is below the safe minimum. Continuing to discharge risks an empty battery and forced grid import.
2026-09-25 04:54:52 - Step 250 | Zone 4 | REJECTED [SOC_LOW] | SOC 0.000 | Proposed -0.152 -> Applied 0.100 | Battery SOC is below the safe minimum. Continuing to discharge risks an empty battery and forced grid import.
2026-09-25 04:54:52 - Step 252 | Zone 0 | REJECTED [SOC_LOW] | SOC 0.000 | Proposed -0.477 -> Applied 0.100 | Battery SOC is below the safe minimum. Continuing to discharge risks an empty battery and forced grid import.
2026-09-25 04:54:52 - Step 253 | Zone 3 | REJECTED [SOC_LOW] | SOC 0.000 | Proposed -0.482 -> Applied 0.100 | Battery SOC is below the safe minimum. Continuing to discharge risks an empty battery and forced grid import.
2026-09-25 04:54:52 - Step 254 | Zone 1 | REJECTED [SOC_HIGH] | SOC 1.000 | Proposed -0.004 -> Applied -0.100 | Battery SOC is above the safe maximum. Continuing to charge risks overcharge and battery degradation.
2026-09-25 04:54:52 - Step 254 | Zone 4 | REJECTED [SOC_LOW] | SOC 0.000 | Proposed -0.164 -> Applied 0.100 | Battery SOC is below the safe minimum. Continuing to discharge risks an empty battery and forced grid import.
2026-09-25 04:54:52 - Step 257 | Zone 0 | REJECTED [SOC_LOW] | SOC 0.000 | Proposed -0.342 -> Applied 0.100 | Battery SOC is below the safe minimum. Continuing to discharge risks an empty battery and forced grid import.
2026-09-25 04:54:52 - Step 259 | Zone 3 | REJECTED [SOC_HIGH] | SOC 0.988 | Proposed 0.413 -> Applied -0.100 | Battery SOC is above the safe maximum. Continuing to charge risks overcharge and battery degradation.
2026-09-25 04:54:53 - Step 263 | Zone 2 | REJECTED [SOC_HIGH] | SOC 1.000 | Proposed 0.187 -> Applied -0.100 | Battery SOC is above the safe maximum. Continuing to charge risks overcharge and battery degradation.
2026-09-25 04:54:53 - Step 264 | Zone 0 | REJECTED [SOC_LOW] | SOC 0.000 | Proposed -0.482 -> Applied 0.100 | Battery SOC is below the safe minimum. Continuing to discharge risks an empty battery and forced grid import.
2026-09-25 04:54:53 - Step 265 | Zone 2 | REJECTED [SOC_HIGH] | SOC 0.964 | Proposed 0.381 -> Applied -0.100 | Battery SOC is above the safe maximum. Continuing to charge risks overcharge and battery degradation.
2026-09-25 04:54:54 - Step 266 | Zone 3 | REJECTED [SOC_HIGH] | SOC 1.000 | Proposed 0.164 -> Applied -0.100 | Battery SOC is above the safe maximum. Continuing to charge risks overcharge and battery degradation.
2026-09-25 04:54:54 - Step 268 | Zone 0 | REJECTED [SOC_LOW] | SOC 0.000 | Proposed -0.342 -> Applied 0.100 | Battery SOC is below the safe minimum. Continuing to discharge risks an empty battery and forced grid import.
2026-09-25 04:54:54 - Step 268 | Zone 3 | REJECTED [SOC_HIGH] | SOC 1.000 | Proposed 0.479 -> Applied -0.100 | Battery SOC is above the safe maximum. Continuing to charge risks overcharge and battery degradation.
2026-09-25 04:54:55 - Step 273 | Zone 1 | REJECTED [SOC_LOW] | SOC 0.000 | Proposed -0.271 -> Applied 0.100 | Battery SOC is below the safe minimum. Continuing to discharge risks an empty battery and forced grid import.
2026-09-25 04:54:55 - Step 274 | Zone 4 | REJECTED [SOC_LOW] | SOC 0.005 | Proposed 0.097 -> Applied 0.100 | Battery SOC is below the safe minimum. Continuing to discharge risks an empty battery and forced grid import.
2026-09-25 04:54:56 - Step 277 | Zone 2 | REJECTED [SOC_HIGH] | SOC 1.000 | Proposed 0.360 -> Applied -0.100 | Battery SOC is above the safe maximum. Continuing to charge risks overcharge and battery degradation.
2026-09-25 04:54:56 - Step 279 | Zone 3 | REJECTED [SOC_HIGH] | SOC 1.000 | Proposed 0.363 -> Applied -0.100 | Battery SOC is above the safe maximum. Continuing to charge risks overcharge and battery degradation.
2026-09-25 04:54:57 - Step 281 | Zone 3 | REJECTED [SOC_HIGH] | SOC 1.000 | Proposed 0.079 -> Applied -0.100 | Battery SOC is above the safe maximum. Continuing to charge risks overcharge and battery degradation.
2026-09-25 04:54:57 - Step 283 | Zone 0 | REJECTED [SOC_LOW] | SOC 0.009 | Proposed -0.333 -> Applied 0.100 | Battery SOC is below the safe minimum. Continuing to discharge risks an empty battery and forced grid import.
2026-09-25 04:54:58 - Step 286 | Zone 0 | REJECTED [SOC_LOW] | SOC 0.000 | Proposed 0.011 -> Applied 0.100 | Battery SOC is below the safe minimum. Continuing to discharge risks an empty battery and forced grid import.
2026-09-25 04:54:58 - Step 286 | Zone 1 | REJECTED [SOC_LOW] | SOC 0.000 | Proposed -0.153 -> Applied 0.100 | Battery SOC is below the safe minimum. Continuing to discharge risks an empty battery and forced grid import.
2026-09-25 04:54:58 - Step 286 | Zone 2 | REJECTED [DEMAND_SPIKE] | SOC 0.645 | Proposed 0.082 -> Applied 0.000 | Building demand exceeded the allowed multiple of its recent average. Charging now would add to a demand spike and raise peak-demand cost.
2026-09-25 04:54:59 - Step 288 | Zone 1 | REJECTED [SOC_LOW] | SOC 0.000 | Proposed -0.064 -> Applied 0.100 | Battery SOC is below the safe minimum. Continuing to discharge risks an empty battery and forced grid import.
2026-09-25 04:54:59 - Step 288 | Zone 4 | REJECTED [DEMAND_SPIKE] | SOC 0.400 | Proposed 0.099 -> Applied 0.000 | Building demand exceeded the allowed multiple of its recent average. Charging now would add to a demand spike and raise peak-demand cost.
2026-09-25 04:54:59 - Step 290 | Zone 2 | REJECTED [SOC_HIGH] | SOC 0.960 | Proposed 0.106 -> Applied -0.100 | Battery SOC is above the safe maximum. Continuing to charge risks overcharge and battery degradation.
2026-09-25 04:54:59 - Step 291 | Zone 0 | REJECTED [DEMAND_SPIKE] | SOC 0.450 | Proposed 0.322 -> Applied 0.000 | Building demand exceeded the allowed multiple of its recent average. Charging now would add to a demand spike and raise peak-demand cost.
2026-09-25 04:54:59 - Step 291 | Zone 3 | REJECTED [DEMAND_SPIKE] | SOC 0.165 | Proposed 0.082 -> Applied 0.000 | Building demand exceeded the allowed multiple of its recent average. Charging now would add to a demand spike and raise peak-demand cost.
2026-09-25 04:54:59 - Step 291 | Zone 4 | REJECTED [SOC_LOW] | SOC 0.000 | Proposed -0.204 -> Applied 0.100 | Battery SOC is below the safe minimum. Continuing to discharge risks an empty battery and forced grid import.
2026-09-25 04:55:00 - Step 296 | Zone 0 | REJECTED [SOC_HIGH] | SOC 0.951 | Proposed 0.207 -> Applied -0.100 | Battery SOC is above the safe maximum. Continuing to charge risks overcharge and battery degradation.
2026-09-25 04:55:02 - Step 302 | Zone 3 | REJECTED [SOC_LOW] | SOC 0.000 | Proposed -0.245 -> Applied 0.100 | Battery SOC is below the safe minimum. Continuing to discharge risks an empty battery and forced grid import.
2026-09-25 04:55:02 - Step 303 | Zone 0 | REJECTED [SOC_HIGH] | SOC 1.000 | Proposed 0.431 -> Applied -0.100 | Battery SOC is above the safe maximum. Continuing to charge risks overcharge and battery degradation.
2026-09-25 04:55:03 - Step 306 | Zone 1 | REJECTED [SOC_LOW] | SOC 0.000 | Proposed -0.236 -> Applied 0.100 | Battery SOC is below the safe minimum. Continuing to discharge risks an empty battery and forced grid import.
2026-09-25 04:55:03 - Step 307 | Zone 4 | REJECTED [SOC_LOW] | SOC 0.000 | Proposed 0.078 -> Applied 0.100 | Battery SOC is below the safe minimum. Continuing to discharge risks an empty battery and forced grid import.
2026-09-25 04:55:03 - Step 308 | Zone 1 | REJECTED [DEMAND_SPIKE] | SOC 0.320 | Proposed 0.056 -> Applied 0.000 | Building demand exceeded the allowed multiple of its recent average. Charging now would add to a demand spike and raise peak-demand cost.
2026-09-25 04:55:03 - Step 309 | Zone 3 | REJECTED [SOC_LOW] | SOC 0.000 | Proposed -0.028 -> Applied 0.100 | Battery SOC is below the safe minimum. Continuing to discharge risks an empty battery and forced grid import.
2026-09-25 04:55:04 - Step 311 | Zone 3 | REJECTED [SOC_LOW] | SOC 0.000 | Proposed -0.189 -> Applied 0.100 | Battery SOC is below the safe minimum. Continuing to discharge risks an empty battery and forced grid import.
2026-09-25 04:55:04 - Step 312 | Zone 2 | REJECTED [SOC_LOW] | SOC 0.039 | Proposed -0.437 -> Applied 0.100 | Battery SOC is below the safe minimum. Continuing to discharge risks an empty battery and forced grid import.
2026-09-25 04:55:04 - Step 313 | Zone 3 | REJECTED [SOC_LOW] | SOC 0.000 | Proposed -0.488 -> Applied 0.100 | Battery SOC is below the safe minimum. Continuing to discharge risks an empty battery and forced grid import.
2026-09-25 04:55:04 - Step 313 | Zone 4 | REJECTED [SOC_LOW] | SOC 0.000 | Proposed -0.487 -> Applied 0.100 | Battery SOC is below the safe minimum. Continuing to discharge risks an empty battery and forced grid import.
2026-09-25 04:55:04 - Step 314 | Zone 1 | REJECTED [SOC_LOW] | SOC 0.000 | Proposed -0.478 -> Applied 0.100 | Battery SOC is below the safe minimum. Continuing to discharge risks an empty battery and forced grid import.
2026-09-25 04:55:04 - Step 314 | Zone 2 | REJECTED [SOC_LOW] | SOC 0.000 | Proposed -0.492 -> Applied 0.100 | Battery SOC is below the safe minimum. Continuing to discharge risks an empty battery and forced grid import.
2026-09-25 04:55:05 - Step 315 | Zone 0 | REJECTED [SOC_LOW] | SOC 0.000 | Proposed -0.493 -> Applied 0.100 | Battery SOC is below the safe minimum. Continuing to discharge risks an empty battery and forced grid import.
2026-09-25 04:55:05 - Step 315 | Zone 3 | REJECTED [SOC_LOW] | SOC 0.000 | Proposed -0.436 -> Applied 0.100 | Battery SOC is below the safe minimum. Continuing to discharge risks an empty battery and forced grid import.
2026-09-25 04:55:05 - Step 315 | Zone 4 | REJECTED [SOC_LOW] | SOC 0.000 | Proposed -0.307 -> Applied 0.100 | Battery SOC is below the safe minimum. Continuing to discharge risks an empty battery and forced grid import.
2026-09-25 04:55:05 - Step 316 | Zone 1 | REJECTED [SOC_LOW] | SOC 0.000 | Proposed -0.472 -> Applied 0.100 | Battery SOC is below the safe minimum. Continuing to discharge risks an empty battery and forced grid import.
2026-09-25 04:55:05 - Step 316 | Zone 2 | REJECTED [SOC_LOW] | SOC 0.000 | Proposed -0.485 -> Applied 0.100 | Battery SOC is below the safe minimum. Continuing to discharge risks an empty battery and forced grid import.
2026-09-25 04:55:05 - Step 317 | Zone 0 | REJECTED [SOC_LOW] | SOC 0.000 | Proposed -0.442 -> Applied 0.100 | Battery SOC is below the safe minimum. Continuing to discharge risks an empty battery and forced grid import.
2026-09-25 04:55:05 - Step 317 | Zone 3 | REJECTED [SOC_LOW] | SOC 0.000 | Proposed -0.482 -> Applied 0.100 | Battery SOC is below the safe minimum. Continuing to discharge risks an empty battery and forced grid import.
2026-09-25 04:55:05 - Step 317 | Zone 4 | REJECTED [SOC_LOW] | SOC 0.000 | Proposed -0.485 -> Applied 0.100 | Battery SOC is below the safe minimum. Continuing to discharge risks an empty battery and forced grid import.
2026-09-25 04:55:06 - Step 318 | Zone 1 | REJECTED [SOC_LOW] | SOC 0.000 | Proposed -0.424 -> Applied 0.100 | Battery SOC is below the safe minimum. Continuing to discharge risks an empty battery and forced grid import.
2026-09-25 04:55:06 - Step 318 | Zone 2 | REJECTED [SOC_LOW] | SOC 0.000 | Proposed -0.462 -> Applied 0.100 | Battery SOC is below the safe minimum. Continuing to discharge risks an empty battery and forced grid import.
2026-09-25 04:55:06 - Step 319 | Zone 0 | REJECTED [SOC_LOW] | SOC 0.000 | Proposed -0.476 -> Applied 0.100 | Battery SOC is below the safe minimum. Continuing to discharge risks an empty battery and forced grid import.
2026-09-25 04:55:06 - Step 319 | Zone 3 | REJECTED [SOC_LOW] | SOC 0.000 | Proposed -0.492 -> Applied 0.100 | Battery SOC is below the safe minimum. Continuing to discharge risks an empty battery and forced grid import.
2026-09-25 04:55:06 - Step 319 | Zone 4 | REJECTED [SOC_LOW] | SOC 0.000 | Proposed -0.421 -> Applied 0.100 | Battery SOC is below the safe minimum. Continuing to discharge risks an empty battery and forced grid import.
2026-09-25 04:55:06 - Step 320 | Zone 1 | REJECTED [SOC_LOW] | SOC 0.000 | Proposed -0.490 -> Applied 0.100 | Battery SOC is below the safe minimum. Continuing to discharge risks an empty battery and forced grid import.
2026-09-25 04:55:06 - Step 320 | Zone 2 | REJECTED [SOC_LOW] | SOC 0.000 | Proposed -0.495 -> Applied 0.100 | Battery SOC is below the safe minimum. Continuing to discharge risks an empty battery and forced grid import.
2026-09-25 04:55:06 - Step 321 | Zone 0 | REJECTED [SOC_LOW] | SOC 0.000 | Proposed -0.481 -> Applied 0.100 | Battery SOC is below the safe minimum. Continuing to discharge risks an empty battery and forced grid import.
2026-09-25 04:55:06 - Step 321 | Zone 3 | REJECTED [SOC_LOW] | SOC 0.000 | Proposed -0.486 -> Applied 0.100 | Battery SOC is below the safe minimum. Continuing to discharge risks an empty battery and forced grid import.
2026-09-25 04:55:06 - Step 321 | Zone 4 | REJECTED [SOC_LOW] | SOC 0.000 | Proposed -0.489 -> Applied 0.100 | Battery SOC is below the safe minimum. Continuing to discharge risks an empty battery and forced grid import.
2026-09-25 04:55:06 - Step 322 | Zone 1 | REJECTED [SOC_LOW] | SOC 0.000 | Proposed -0.384 -> Applied 0.100 | Battery SOC is below the safe minimum. Continuing to discharge risks an empty battery and forced grid import.
2026-09-25 04:55:06 - Step 322 | Zone 2 | REJECTED [SOC_LOW] | SOC 0.000 | Proposed -0.490 -> Applied 0.100 | Battery SOC is below the safe minimum. Continuing to discharge risks an empty battery and forced grid import.
2026-09-25 04:55:07 - Step 323 | Zone 0 | REJECTED [SOC_LOW] | SOC 0.000 | Proposed -0.483 -> Applied 0.100 | Battery SOC is below the safe minimum. Continuing to discharge risks an empty battery and forced grid import.
2026-09-25 04:55:07 - Step 323 | Zone 3 | REJECTED [SOC_LOW] | SOC 0.000 | Proposed -0.465 -> Applied 0.100 | Battery SOC is below the safe minimum. Continuing to discharge risks an empty battery and forced grid import.
2026-09-25 04:55:07 - Step 323 | Zone 4 | REJECTED [SOC_LOW] | SOC 0.000 | Proposed -0.432 -> Applied 0.100 | Battery SOC is below the safe minimum. Continuing to discharge risks an empty battery and forced grid import.
2026-09-25 04:55:07 - Step 324 | Zone 1 | REJECTED [SOC_LOW] | SOC 0.000 | Proposed -0.457 -> Applied 0.100 | Battery SOC is below the safe minimum. Continuing to discharge risks an empty battery and forced grid import.
2026-09-25 04:55:07 - Step 324 | Zone 2 | REJECTED [SOC_LOW] | SOC 0.000 | Proposed -0.431 -> Applied 0.100 | Battery SOC is below the safe minimum. Continuing to discharge risks an empty battery and forced grid import.
2026-09-25 04:55:07 - Step 325 | Zone 0 | REJECTED [SOC_LOW] | SOC 0.000 | Proposed -0.455 -> Applied 0.100 | Battery SOC is below the safe minimum. Continuing to discharge risks an empty battery and forced grid import.
2026-09-25 04:55:07 - Step 325 | Zone 3 | REJECTED [SOC_LOW] | SOC 0.000 | Proposed -0.462 -> Applied 0.100 | Battery SOC is below the safe minimum. Continuing to discharge risks an empty battery and forced grid import.
2026-09-25 04:55:07 - Step 325 | Zone 4 | REJECTED [SOC_LOW] | SOC 0.000 | Proposed -0.398 -> Applied 0.100 | Battery SOC is below the safe minimum. Continuing to discharge risks an empty battery and forced grid import.
2026-09-25 04:55:07 - Step 326 | Zone 1 | REJECTED [SOC_LOW] | SOC 0.000 | Proposed -0.226 -> Applied 0.100 | Battery SOC is below the safe minimum. Continuing to discharge risks an empty battery and forced grid import.
2026-09-25 04:55:08 - Step 327 | Zone 0 | REJECTED [SOC_LOW] | SOC 0.000 | Proposed -0.459 -> Applied 0.100 | Battery SOC is below the safe minimum. Continuing to discharge risks an empty battery and forced grid import.
2026-09-25 04:55:08 - Step 327 | Zone 2 | REJECTED [SOC_LOW] | SOC 0.000 | Proposed -0.297 -> Applied 0.100 | Battery SOC is below the safe minimum. Continuing to discharge risks an empty battery and forced grid import.
2026-09-25 04:55:08 - Step 327 | Zone 3 | REJECTED [SOC_LOW] | SOC 0.000 | Proposed -0.469 -> Applied 0.100 | Battery SOC is below the safe minimum. Continuing to discharge risks an empty battery and forced grid import.
2026-09-25 04:55:08 - Step 327 | Zone 4 | REJECTED [SOC_LOW] | SOC 0.000 | Proposed -0.483 -> Applied 0.100 | Battery SOC is below the safe minimum. Continuing to discharge risks an empty battery and forced grid import.
2026-09-25 04:55:08 - Step 328 | Zone 1 | REJECTED [SOC_LOW] | SOC 0.000 | Proposed -0.484 -> Applied 0.100 | Battery SOC is below the safe minimum. Continuing to discharge risks an empty battery and forced grid import.
2026-09-25 04:55:08 - Step 329 | Zone 0 | REJECTED [SOC_LOW] | SOC 0.000 | Proposed -0.348 -> Applied 0.100 | Battery SOC is below the safe minimum. Continuing to discharge risks an empty battery and forced grid import.
2026-09-25 04:55:08 - Step 329 | Zone 2 | REJECTED [SOC_LOW] | SOC 0.000 | Proposed -0.464 -> Applied 0.100 | Battery SOC is below the safe minimum. Continuing to discharge risks an empty battery and forced grid import.
2026-09-25 04:55:08 - Step 329 | Zone 3 | REJECTED [SOC_LOW] | SOC 0.000 | Proposed -0.477 -> Applied 0.100 | Battery SOC is below the safe minimum. Continuing to discharge risks an empty battery and forced grid import.
2026-09-25 04:55:08 - Step 329 | Zone 4 | REJECTED [SOC_LOW] | SOC 0.000 | Proposed -0.475 -> Applied 0.100 | Battery SOC is below the safe minimum. Continuing to discharge risks an empty battery and forced grid import.
2026-09-25 04:55:08 - Step 330 | Zone 1 | REJECTED [SOC_LOW] | SOC 0.000 | Proposed -0.493 -> Applied 0.100 | Battery SOC is below the safe minimum. Continuing to discharge risks an empty battery and forced grid import.
2026-09-25 04:55:09 - Step 331 | Zone 0 | REJECTED [SOC_LOW] | SOC 0.000 | Proposed -0.495 -> Applied 0.100 | Battery SOC is below the safe minimum. Continuing to discharge risks an empty battery and forced grid import.
2026-09-25 04:55:09 - Step 331 | Zone 2 | REJECTED [SOC_LOW] | SOC 0.000 | Proposed -0.498 -> Applied 0.100 | Battery SOC is below the safe minimum. Continuing to discharge risks an empty battery and forced grid import.
2026-09-25 04:55:09 - Step 331 | Zone 3 | REJECTED [SOC_LOW] | SOC 0.000 | Proposed -0.495 -> Applied 0.100 | Battery SOC is below the safe minimum. Continuing to discharge risks an empty battery and forced grid import.
2026-09-25 04:55:09 - Step 331 | Zone 4 | REJECTED [SOC_LOW] | SOC 0.000 | Proposed -0.469 -> Applied 0.100 | Battery SOC is below the safe minimum. Continuing to discharge risks an empty battery and forced grid import.
2026-09-25 04:55:09 - Step 332 | Zone 1 | REJECTED [SOC_LOW] | SOC 0.000 | Proposed -0.489 -> Applied 0.100 | Battery SOC is below the safe minimum. Continuing to discharge risks an empty battery and forced grid import.
2026-09-25 04:55:09 - Step 333 | Zone 0 | REJECTED [SOC_LOW] | SOC 0.000 | Proposed -0.493 -> Applied 0.100 | Battery SOC is below the safe minimum. Continuing to discharge risks an empty battery and forced grid import.
2026-09-25 04:55:09 - Step 333 | Zone 2 | REJECTED [SOC_LOW] | SOC 0.000 | Proposed -0.490 -> Applied 0.100 | Battery SOC is below the safe minimum. Continuing to discharge risks an empty battery and forced grid import.
2026-09-25 04:55:09 - Step 333 | Zone 3 | REJECTED [SOC_LOW] | SOC 0.000 | Proposed -0.490 -> Applied 0.100 | Battery SOC is below the safe minimum. Continuing to discharge risks an empty battery and forced grid import.
2026-09-25 04:55:09 - Step 333 | Zone 4 | REJECTED [SOC_LOW] | SOC 0.000 | Proposed -0.471 -> Applied 0.100 | Battery SOC is below the safe minimum. Continuing to discharge risks an empty battery and forced grid import.
2026-09-25 04:55:09 - Step 334 | Zone 1 | REJECTED [SOC_LOW] | SOC 0.000 | Proposed -0.324 -> Applied 0.100 | Battery SOC is below the safe minimum. Continuing to discharge risks an empty battery and forced grid import.
2026-09-25 04:55:10 - Step 335 | Zone 0 | REJECTED [SOC_LOW] | SOC 0.000 | Proposed -0.469 -> Applied 0.100 | Battery SOC is below the safe minimum. Continuing to discharge risks an empty battery and forced grid import.
2026-09-25 04:55:10 - Step 335 | Zone 2 | REJECTED [SOC_LOW] | SOC 0.000 | Proposed -0.454 -> Applied 0.100 | Battery SOC is below the safe minimum. Continuing to discharge risks an empty battery and forced grid import.
2026-09-25 04:55:10 - Step 335 | Zone 3 | REJECTED [SOC_LOW] | SOC 0.000 | Proposed -0.481 -> Applied 0.100 | Battery SOC is below the safe minimum. Continuing to discharge risks an empty battery and forced grid import.
2026-09-25 04:55:10 - Step 335 | Zone 4 | REJECTED [SOC_LOW] | SOC 0.000 | Proposed -0.492 -> Applied 0.100 | Battery SOC is below the safe minimum. Continuing to discharge risks an empty battery and forced grid import.
2026-09-25 04:55:10 - Step 336 | Zone 1 | REJECTED [SOC_LOW] | SOC 0.000 | Proposed -0.481 -> Applied 0.100 | Battery SOC is below the safe minimum. Continuing to discharge risks an empty battery and forced grid import.
2026-09-25 04:55:10 - Step 337 | Zone 0 | REJECTED [SOC_LOW] | SOC 0.000 | Proposed -0.488 -> Applied 0.100 | Battery SOC is below the safe minimum. Continuing to discharge risks an empty battery and forced grid import.
2026-09-25 04:55:10 - Step 337 | Zone 2 | REJECTED [SOC_LOW] | SOC 0.000 | Proposed -0.493 -> Applied 0.100 | Battery SOC is below the safe minimum. Continuing to discharge risks an empty battery and forced grid import.
2026-09-25 04:55:10 - Step 337 | Zone 3 | REJECTED [SOC_LOW] | SOC 0.000 | Proposed -0.494 -> Applied 0.100 | Battery SOC is below the safe minimum. Continuing to discharge risks an empty battery and forced grid import.
2026-09-25 04:55:10 - Step 337 | Zone 4 | REJECTED [SOC_LOW] | SOC 0.000 | Proposed -0.478 -> Applied 0.100 | Battery SOC is below the safe minimum. Continuing to discharge risks an empty battery and forced grid import.
2026-09-25 04:55:10 - Step 338 | Zone 1 | REJECTED [SOC_LOW] | SOC 0.000 | Proposed -0.481 -> Applied 0.100 | Battery SOC is below the safe minimum. Continuing to discharge risks an empty battery and forced grid import.
2026-09-25 04:55:11 - Step 339 | Zone 0 | REJECTED [SOC_LOW] | SOC 0.000 | Proposed -0.491 -> Applied 0.100 | Battery SOC is below the safe minimum. Continuing to discharge risks an empty battery and forced grid import.
2026-09-25 04:55:11 - Step 339 | Zone 2 | REJECTED [SOC_LOW] | SOC 0.000 | Proposed -0.489 -> Applied 0.100 | Battery SOC is below the safe minimum. Continuing to discharge risks an empty battery and forced grid import.
2026-09-25 04:55:11 - Step 339 | Zone 3 | REJECTED [SOC_LOW] | SOC 0.000 | Proposed -0.485 -> Applied 0.100 | Battery SOC is below the safe minimum. Continuing to discharge risks an empty battery and forced grid import.
2026-09-25 04:55:11 - Step 339 | Zone 4 | REJECTED [SOC_LOW] | SOC 0.000 | Proposed -0.464 -> Applied 0.100 | Battery SOC is below the safe minimum. Continuing to discharge risks an empty battery and forced grid import.
2026-09-25 04:55:11 - Step 340 | Zone 1 | REJECTED [SOC_LOW] | SOC 0.000 | Proposed -0.483 -> Applied 0.100 | Battery SOC is below the safe minimum. Continuing to discharge risks an empty battery and forced grid import.
2026-09-25 04:55:11 - Step 341 | Zone 0 | REJECTED [SOC_LOW] | SOC 0.000 | Proposed -0.456 -> Applied 0.100 | Battery SOC is below the safe minimum. Continuing to discharge risks an empty battery and forced grid import.
2026-09-25 04:55:11 - Step 341 | Zone 2 | REJECTED [SOC_LOW] | SOC 0.000 | Proposed -0.478 -> Applied 0.100 | Battery SOC is below the safe minimum. Continuing to discharge risks an empty battery and forced grid import.
2026-09-25 04:55:11 - Step 341 | Zone 3 | REJECTED [SOC_LOW] | SOC 0.000 | Proposed -0.496 -> Applied 0.100 | Battery SOC is below the safe minimum. Continuing to discharge risks an empty battery and forced grid import.
2026-09-25 04:55:11 - Step 341 | Zone 4 | REJECTED [SOC_LOW] | SOC 0.000 | Proposed -0.209 -> Applied 0.100 | Battery SOC is below the safe minimum. Continuing to discharge risks an empty battery and forced grid import.
2026-09-25 04:55:11 - Step 342 | Zone 1 | REJECTED [SOC_LOW] | SOC 0.000 | Proposed -0.477 -> Applied 0.100 | Battery SOC is below the safe minimum. Continuing to discharge risks an empty battery and forced grid import.
2026-09-25 04:55:12 - Step 343 | Zone 0 | REJECTED [SOC_LOW] | SOC 0.000 | Proposed -0.388 -> Applied 0.100 | Battery SOC is below the safe minimum. Continuing to discharge risks an empty battery and forced grid import.
2026-09-25 04:55:12 - Step 343 | Zone 2 | REJECTED [SOC_LOW] | SOC 0.000 | Proposed -0.488 -> Applied 0.100 | Battery SOC is below the safe minimum. Continuing to discharge risks an empty battery and forced grid import.
2026-09-25 04:55:12 - Step 343 | Zone 3 | REJECTED [SOC_LOW] | SOC 0.000 | Proposed -0.482 -> Applied 0.100 | Battery SOC is below the safe minimum. Continuing to discharge risks an empty battery and forced grid import.
2026-09-25 04:55:12 - Step 343 | Zone 4 | REJECTED [SOC_LOW] | SOC 0.000 | Proposed -0.456 -> Applied 0.100 | Battery SOC is below the safe minimum. Continuing to discharge risks an empty battery and forced grid import.
2026-09-25 04:55:12 - Step 344 | Zone 1 | REJECTED [SOC_LOW] | SOC 0.000 | Proposed -0.422 -> Applied 0.100 | Battery SOC is below the safe minimum. Continuing to discharge risks an empty battery and forced grid import.
2026-09-25 04:55:12 - Step 345 | Zone 0 | REJECTED [SOC_LOW] | SOC 0.000 | Proposed -0.439 -> Applied 0.100 | Battery SOC is below the safe minimum. Continuing to discharge risks an empty battery and forced grid import.
2026-09-25 04:55:12 - Step 345 | Zone 2 | REJECTED [SOC_LOW] | SOC 0.000 | Proposed -0.413 -> Applied 0.100 | Battery SOC is below the safe minimum. Continuing to discharge risks an empty battery and forced grid import.
2026-09-25 04:55:12 - Step 345 | Zone 3 | REJECTED [SOC_LOW] | SOC 0.000 | Proposed -0.470 -> Applied 0.100 | Battery SOC is below the safe minimum. Continuing to discharge risks an empty battery and forced grid import.
2026-09-25 04:55:12 - Step 345 | Zone 4 | REJECTED [SOC_LOW] | SOC 0.000 | Proposed -0.494 -> Applied 0.100 | Battery SOC is below the safe minimum. Continuing to discharge risks an empty battery and forced grid import.
2026-09-25 04:55:12 - Step 346 | Zone 1 | REJECTED [SOC_LOW] | SOC 0.000 | Proposed -0.475 -> Applied 0.100 | Battery SOC is below the safe minimum. Continuing to discharge risks an empty battery and forced grid import.
2026-09-25 04:55:13 - Step 347 | Zone 0 | REJECTED [SOC_LOW] | SOC 0.000 | Proposed -0.300 -> Applied 0.100 | Battery SOC is below the safe minimum. Continuing to discharge risks an empty battery and forced grid import.
2026-09-25 04:55:13 - Step 347 | Zone 2 | REJECTED [SOC_LOW] | SOC 0.000 | Proposed -0.402 -> Applied 0.100 | Battery SOC is below the safe minimum. Continuing to discharge risks an empty battery and forced grid import.
2026-09-25 04:55:13 - Step 347 | Zone 3 | REJECTED [SOC_LOW] | SOC 0.000 | Proposed -0.497 -> Applied 0.100 | Battery SOC is below the safe minimum. Continuing to discharge risks an empty battery and forced grid import.
2026-09-25 04:55:13 - Step 347 | Zone 4 | REJECTED [SOC_LOW] | SOC 0.000 | Proposed -0.417 -> Applied 0.100 | Battery SOC is below the safe minimum. Continuing to discharge risks an empty battery and forced grid import.
2026-09-25 04:55:13 - Step 348 | Zone 1 | REJECTED [SOC_LOW] | SOC 0.000 | Proposed -0.109 -> Applied 0.100 | Battery SOC is below the safe minimum. Continuing to discharge risks an empty battery and forced grid import.
2026-09-25 04:55:13 - Step 349 | Zone 0 | REJECTED [SOC_LOW] | SOC 0.000 | Proposed -0.415 -> Applied 0.100 | Battery SOC is below the safe minimum. Continuing to discharge risks an empty battery and forced grid import.
2026-09-25 04:55:13 - Step 349 | Zone 2 | REJECTED [SOC_LOW] | SOC 0.000 | Proposed -0.342 -> Applied 0.100 | Battery SOC is below the safe minimum. Continuing to discharge risks an empty battery and forced grid import.
2026-09-25 04:55:13 - Step 349 | Zone 3 | REJECTED [SOC_LOW] | SOC 0.000 | Proposed -0.489 -> Applied 0.100 | Battery SOC is below the safe minimum. Continuing to discharge risks an empty battery and forced grid import.
2026-09-25 04:55:13 - Step 349 | Zone 4 | REJECTED [SOC_LOW] | SOC 0.000 | Proposed -0.489 -> Applied 0.100 | Battery SOC is below the safe minimum. Continuing to discharge risks an empty battery and forced grid import.
2026-09-25 04:55:13 - Step 350 | Zone 1 | REJECTED [SOC_LOW] | SOC 0.000 | Proposed -0.461 -> Applied 0.100 | Battery SOC is below the safe minimum. Continuing to discharge risks an empty battery and forced grid import.
2026-09-25 04:55:14 - Step 351 | Zone 0 | REJECTED [SOC_LOW] | SOC 0.000 | Proposed -0.411 -> Applied 0.100 | Battery SOC is below the safe minimum. Continuing to discharge risks an empty battery and forced grid import.
2026-09-25 04:55:14 - Step 351 | Zone 2 | REJECTED [SOC_LOW] | SOC 0.000 | Proposed -0.442 -> Applied 0.100 | Battery SOC is below the safe minimum. Continuing to discharge risks an empty battery and forced grid import.
2026-09-25 04:55:14 - Step 351 | Zone 3 | REJECTED [SOC_LOW] | SOC 0.000 | Proposed -0.472 -> Applied 0.100 | Battery SOC is below the safe minimum. Continuing to discharge risks an empty battery and forced grid import.
2026-09-25 04:55:14 - Step 351 | Zone 4 | REJECTED [SOC_LOW] | SOC 0.000 | Proposed -0.389 -> Applied 0.100 | Battery SOC is below the safe minimum. Continuing to discharge risks an empty battery and forced grid import.
2026-09-25 04:55:14 - Step 352 | Zone 1 | REJECTED [SOC_LOW] | SOC 0.000 | Proposed -0.462 -> Applied 0.100 | Battery SOC is below the safe minimum. Continuing to discharge risks an empty battery and forced grid import.
2026-09-25 04:55:14 - Step 353 | Zone 0 | REJECTED [SOC_LOW] | SOC 0.000 | Proposed -0.383 -> Applied 0.100 | Battery SOC is below the safe minimum. Continuing to discharge risks an empty battery and forced grid import.
2026-09-25 04:55:14 - Step 353 | Zone 2 | REJECTED [SOC_LOW] | SOC 0.000 | Proposed -0.491 -> Applied 0.100 | Battery SOC is below the safe minimum. Continuing to discharge risks an empty battery and forced grid import.
2026-09-25 04:55:14 - Step 353 | Zone 3 | REJECTED [SOC_LOW] | SOC 0.000 | Proposed -0.490 -> Applied 0.100 | Battery SOC is below the safe minimum. Continuing to discharge risks an empty battery and forced grid import.
2026-09-25 04:55:14 - Step 353 | Zone 4 | REJECTED [SOC_LOW] | SOC 0.000 | Proposed -0.494 -> Applied 0.100 | Battery SOC is below the safe minimum. Continuing to discharge risks an empty battery and forced grid import.
2026-09-25 04:55:14 - Step 354 | Zone 1 | REJECTED [SOC_LOW] | SOC 0.000 | Proposed -0.477 -> Applied 0.100 | Battery SOC is below the safe minimum. Continuing to discharge risks an empty battery and forced grid import.
2026-09-25 04:55:14 - Step 355 | Zone 0 | REJECTED [SOC_LOW] | SOC 0.000 | Proposed -0.456 -> Applied 0.100 | Battery SOC is below the safe minimum. Continuing to discharge risks an empty battery and forced grid import.
2026-09-25 04:55:14 - Step 355 | Zone 2 | REJECTED [SOC_LOW] | SOC 0.000 | Proposed -0.463 -> Applied 0.100 | Battery SOC is below the safe minimum. Continuing to discharge risks an empty battery and forced grid import.
2026-09-25 04:55:14 - Step 355 | Zone 3 | REJECTED [SOC_LOW] | SOC 0.000 | Proposed -0.446 -> Applied 0.100 | Battery SOC is below the safe minimum. Continuing to discharge risks an empty battery and forced grid import.
2026-09-25 04:55:14 - Step 355 | Zone 4 | REJECTED [SOC_LOW] | SOC 0.000 | Proposed -0.451 -> Applied 0.100 | Battery SOC is below the safe minimum. Continuing to discharge risks an empty battery and forced grid import.
2026-09-25 04:55:15 - Step 356 | Zone 1 | REJECTED [SOC_LOW] | SOC 0.000 | Proposed -0.497 -> Applied 0.100 | Battery SOC is below the safe minimum. Continuing to discharge risks an empty battery and forced grid import.
2026-09-25 04:55:15 - Step 357 | Zone 0 | REJECTED [SOC_LOW] | SOC 0.000 | Proposed -0.476 -> Applied 0.100 | Battery SOC is below the safe minimum. Continuing to discharge risks an empty battery and forced grid import.
2026-09-25 04:55:15 - Step 357 | Zone 2 | REJECTED [SOC_LOW] | SOC 0.000 | Proposed -0.483 -> Applied 0.100 | Battery SOC is below the safe minimum. Continuing to discharge risks an empty battery and forced grid import.
2026-09-25 04:55:15 - Step 357 | Zone 3 | REJECTED [SOC_LOW] | SOC 0.000 | Proposed -0.484 -> Applied 0.100 | Battery SOC is below the safe minimum. Continuing to discharge risks an empty battery and forced grid import.
2026-09-25 04:55:15 - Step 357 | Zone 4 | REJECTED [SOC_LOW] | SOC 0.000 | Proposed -0.445 -> Applied 0.100 | Battery SOC is below the safe minimum. Continuing to discharge risks an empty battery and forced grid import.
2026-09-25 04:55:15 - Step 358 | Zone 1 | REJECTED [SOC_LOW] | SOC 0.000 | Proposed -0.492 -> Applied 0.100 | Battery SOC is below the safe minimum. Continuing to discharge risks an empty battery and forced grid import.
2026-09-25 04:55:15 - Step 359 | Zone 0 | REJECTED [SOC_LOW] | SOC 0.000 | Proposed -0.467 -> Applied 0.100 | Battery SOC is below the safe minimum. Continuing to discharge risks an empty battery and forced grid import.
2026-09-25 04:55:15 - Step 359 | Zone 2 | REJECTED [SOC_LOW] | SOC 0.000 | Proposed -0.479 -> Applied 0.100 | Battery SOC is below the safe minimum. Continuing to discharge risks an empty battery and forced grid import.
2026-09-25 04:55:15 - Step 359 | Zone 3 | REJECTED [SOC_LOW] | SOC 0.000 | Proposed -0.495 -> Applied 0.100 | Battery SOC is below the safe minimum. Continuing to discharge risks an empty battery and forced grid import.
2026-09-25 04:55:15 - Step 359 | Zone 4 | REJECTED [SOC_LOW] | SOC 0.000 | Proposed -0.474 -> Applied 0.100 | Battery SOC is below the safe minimum. Continuing to discharge risks an empty battery and forced grid import.
2026-09-25 04:55:16 - Step 360 | Zone 1 | REJECTED [SOC_LOW] | SOC 0.000 | Proposed -0.468 -> Applied 0.100 | Battery SOC is below the safe minimum. Continuing to discharge risks an empty battery and forced grid import.
2026-09-25 04:55:16 - Step 361 | Zone 0 | REJECTED [SOC_LOW] | SOC 0.000 | Proposed -0.495 -> Applied 0.100 | Battery SOC is below the safe minimum. Continuing to discharge risks an empty battery and forced grid import.
2026-09-25 04:55:16 - Step 361 | Zone 2 | REJECTED [SOC_LOW] | SOC 0.000 | Proposed -0.434 -> Applied 0.100 | Battery SOC is below the safe minimum. Continuing to discharge risks an empty battery and forced grid import.
2026-09-25 04:55:16 - Step 361 | Zone 3 | REJECTED [SOC_LOW] | SOC 0.000 | Proposed -0.486 -> Applied 0.100 | Battery SOC is below the safe minimum. Continuing to discharge risks an empty battery and forced grid import.
2026-09-25 04:55:16 - Step 361 | Zone 4 | REJECTED [SOC_LOW] | SOC 0.000 | Proposed -0.470 -> Applied 0.100 | Battery SOC is below the safe minimum. Continuing to discharge risks an empty battery and forced grid import.
2026-09-25 04:55:16 - Step 362 | Zone 1 | REJECTED [SOC_LOW] | SOC 0.000 | Proposed -0.423 -> Applied 0.100 | Battery SOC is below the safe minimum. Continuing to discharge risks an empty battery and forced grid import.
2026-09-25 04:55:16 - Step 363 | Zone 0 | REJECTED [SOC_LOW] | SOC 0.000 | Proposed -0.461 -> Applied 0.100 | Battery SOC is below the safe minimum. Continuing to discharge risks an empty battery and forced grid import.
2026-09-25 04:55:16 - Step 363 | Zone 2 | REJECTED [SOC_LOW] | SOC 0.000 | Proposed -0.480 -> Applied 0.100 | Battery SOC is below the safe minimum. Continuing to discharge risks an empty battery and forced grid import.
2026-09-25 04:55:16 - Step 363 | Zone 3 | REJECTED [SOC_LOW] | SOC 0.000 | Proposed -0.479 -> Applied 0.100 | Battery SOC is below the safe minimum. Continuing to discharge risks an empty battery and forced grid import.
2026-09-25 04:55:16 - Step 363 | Zone 4 | REJECTED [SOC_LOW] | SOC 0.000 | Proposed -0.489 -> Applied 0.100 | Battery SOC is below the safe minimum. Continuing to discharge risks an empty battery and forced grid import.
2026-09-25 04:55:17 - Step 364 | Zone 1 | REJECTED [SOC_LOW] | SOC 0.000 | Proposed -0.359 -> Applied 0.100 | Battery SOC is below the safe minimum. Continuing to discharge risks an empty battery and forced grid import.
2026-09-25 04:55:17 - Step 365 | Zone 0 | REJECTED [SOC_LOW] | SOC 0.000 | Proposed -0.493 -> Applied 0.100 | Battery SOC is below the safe minimum. Continuing to discharge risks an empty battery and forced grid import.
2026-09-25 04:55:17 - Step 365 | Zone 2 | REJECTED [SOC_LOW] | SOC 0.000 | Proposed -0.492 -> Applied 0.100 | Battery SOC is below the safe minimum. Continuing to discharge risks an empty battery and forced grid import.
2026-09-25 04:55:17 - Step 365 | Zone 3 | REJECTED [SOC_LOW] | SOC 0.000 | Proposed -0.487 -> Applied 0.100 | Battery SOC is below the safe minimum. Continuing to discharge risks an empty battery and forced grid import.
2026-09-25 04:55:17 - Step 365 | Zone 4 | REJECTED [SOC_LOW] | SOC 0.000 | Proposed -0.431 -> Applied 0.100 | Battery SOC is below the safe minimum. Continuing to discharge risks an empty battery and forced grid import.
2026-09-25 04:55:17 - Step 366 | Zone 1 | REJECTED [SOC_LOW] | SOC 0.000 | Proposed -0.489 -> Applied 0.100 | Battery SOC is below the safe minimum. Continuing to discharge risks an empty battery and forced grid import.
2026-09-25 04:55:17 - Step 367 | Zone 0 | REJECTED [SOC_LOW] | SOC 0.000 | Proposed -0.405 -> Applied 0.100 | Battery SOC is below the safe minimum. Continuing to discharge risks an empty battery and forced grid import.
2026-09-25 04:55:17 - Step 367 | Zone 2 | REJECTED [SOC_LOW] | SOC 0.000 | Proposed -0.498 -> Applied 0.100 | Battery SOC is below the safe minimum. Continuing to discharge risks an empty battery and forced grid import.
2026-09-25 04:55:17 - Step 367 | Zone 3 | REJECTED [SOC_LOW] | SOC 0.000 | Proposed -0.490 -> Applied 0.100 | Battery SOC is below the safe minimum. Continuing to discharge risks an empty battery and forced grid import.
2026-09-25 04:55:17 - Step 367 | Zone 4 | REJECTED [SOC_LOW] | SOC 0.000 | Proposed -0.305 -> Applied 0.100 | Battery SOC is below the safe minimum. Continuing to discharge risks an empty battery and forced grid import.
2026-09-25 04:55:18 - Step 368 | Zone 1 | REJECTED [SOC_LOW] | SOC 0.000 | Proposed -0.461 -> Applied 0.100 | Battery SOC is below the safe minimum. Continuing to discharge risks an empty battery and forced grid import.
2026-09-25 04:55:18 - Step 369 | Zone 0 | REJECTED [SOC_LOW] | SOC 0.000 | Proposed -0.379 -> Applied 0.100 | Battery SOC is below the safe minimum. Continuing to discharge risks an empty battery and forced grid import.
2026-09-25 04:55:18 - Step 369 | Zone 2 | REJECTED [SOC_LOW] | SOC 0.000 | Proposed -0.490 -> Applied 0.100 | Battery SOC is below the safe minimum. Continuing to discharge risks an empty battery and forced grid import.
2026-09-25 04:55:18 - Step 369 | Zone 3 | REJECTED [SOC_LOW] | SOC 0.000 | Proposed -0.469 -> Applied 0.100 | Battery SOC is below the safe minimum. Continuing to discharge risks an empty battery and forced grid import.
2026-09-25 04:55:18 - Step 369 | Zone 4 | REJECTED [SOC_LOW] | SOC 0.000 | Proposed -0.348 -> Applied 0.100 | Battery SOC is below the safe minimum. Continuing to discharge risks an empty battery and forced grid import.
2026-09-25 04:55:18 - Step 370 | Zone 1 | REJECTED [SOC_LOW] | SOC 0.000 | Proposed -0.482 -> Applied 0.100 | Battery SOC is below the safe minimum. Continuing to discharge risks an empty battery and forced grid import.
2026-09-25 04:55:18 - Step 371 | Zone 0 | REJECTED [SOC_LOW] | SOC 0.000 | Proposed -0.453 -> Applied 0.100 | Battery SOC is below the safe minimum. Continuing to discharge risks an empty battery and forced grid import.
2026-09-25 04:55:18 - Step 371 | Zone 2 | REJECTED [SOC_LOW] | SOC 0.000 | Proposed -0.361 -> Applied 0.100 | Battery SOC is below the safe minimum. Continuing to discharge risks an empty battery and forced grid import.
2026-09-25 04:55:18 - Step 371 | Zone 3 | REJECTED [SOC_LOW] | SOC 0.000 | Proposed -0.433 -> Applied 0.100 | Battery SOC is below the safe minimum. Continuing to discharge risks an empty battery and forced grid import.
2026-09-25 04:55:18 - Step 371 | Zone 4 | REJECTED [SOC_LOW] | SOC 0.000 | Proposed -0.086 -> Applied 0.100 | Battery SOC is below the safe minimum. Continuing to discharge risks an empty battery and forced grid import.
2026-09-25 04:55:19 - Step 372 | Zone 1 | REJECTED [SOC_LOW] | SOC 0.000 | Proposed -0.449 -> Applied 0.100 | Battery SOC is below the safe minimum. Continuing to discharge risks an empty battery and forced grid import.
2026-09-25 04:55:19 - Step 373 | Zone 0 | REJECTED [SOC_LOW] | SOC 0.000 | Proposed -0.263 -> Applied 0.100 | Battery SOC is below the safe minimum. Continuing to discharge risks an empty battery and forced grid import.
2026-09-25 04:55:19 - Step 373 | Zone 2 | REJECTED [SOC_LOW] | SOC 0.000 | Proposed -0.402 -> Applied 0.100 | Battery SOC is below the safe minimum. Continuing to discharge risks an empty battery and forced grid import.
2026-09-25 04:55:19 - Step 373 | Zone 3 | REJECTED [SOC_LOW] | SOC 0.000 | Proposed -0.401 -> Applied 0.100 | Battery SOC is below the safe minimum. Continuing to discharge risks an empty battery and forced grid import.
2026-09-25 04:55:19 - Step 373 | Zone 4 | REJECTED [SOC_LOW] | SOC 0.000 | Proposed -0.209 -> Applied 0.100 | Battery SOC is below the safe minimum. Continuing to discharge risks an empty battery and forced grid import.
2026-09-25 04:55:19 - Step 374 | Zone 1 | REJECTED [SOC_LOW] | SOC 0.000 | Proposed -0.340 -> Applied 0.100 | Battery SOC is below the safe minimum. Continuing to discharge risks an empty battery and forced grid import.
2026-09-25 04:55:19 - Step 375 | Zone 0 | REJECTED [SOC_LOW] | SOC 0.000 | Proposed -0.354 -> Applied 0.100 | Battery SOC is below the safe minimum. Continuing to discharge risks an empty battery and forced grid import.
2026-09-25 04:55:19 - Step 375 | Zone 2 | REJECTED [SOC_LOW] | SOC 0.000 | Proposed -0.329 -> Applied 0.100 | Battery SOC is below the safe minimum. Continuing to discharge risks an empty battery and forced grid import.
2026-09-25 04:55:19 - Step 375 | Zone 3 | REJECTED [SOC_LOW] | SOC 0.000 | Proposed -0.468 -> Applied 0.100 | Battery SOC is below the safe minimum. Continuing to discharge risks an empty battery and forced grid import.
2026-09-25 04:55:19 - Step 375 | Zone 4 | REJECTED [SOC_LOW] | SOC 0.000 | Proposed -0.472 -> Applied 0.100 | Battery SOC is below the safe minimum. Continuing to discharge risks an empty battery and forced grid import.
2026-09-25 04:55:20 - Step 376 | Zone 1 | REJECTED [SOC_LOW] | SOC 0.000 | Proposed -0.481 -> Applied 0.100 | Battery SOC is below the safe minimum. Continuing to discharge risks an empty battery and forced grid import.
2026-09-25 04:55:20 - Step 377 | Zone 0 | REJECTED [SOC_LOW] | SOC 0.000 | Proposed -0.461 -> Applied 0.100 | Battery SOC is below the safe minimum. Continuing to discharge risks an empty battery and forced grid import.
2026-09-25 04:55:20 - Step 377 | Zone 2 | REJECTED [SOC_LOW] | SOC 0.000 | Proposed -0.427 -> Applied 0.100 | Battery SOC is below the safe minimum. Continuing to discharge risks an empty battery and forced grid import.
2026-09-25 04:55:20 - Step 377 | Zone 3 | REJECTED [SOC_LOW] | SOC 0.000 | Proposed -0.464 -> Applied 0.100 | Battery SOC is below the safe minimum. Continuing to discharge risks an empty battery and forced grid import.
2026-09-25 04:55:20 - Step 377 | Zone 4 | REJECTED [SOC_LOW] | SOC 0.000 | Proposed -0.495 -> Applied 0.100 | Battery SOC is below the safe minimum. Continuing to discharge risks an empty battery and forced grid import.
2026-09-25 04:55:20 - Step 378 | Zone 1 | REJECTED [SOC_LOW] | SOC 0.000 | Proposed -0.485 -> Applied 0.100 | Battery SOC is below the safe minimum. Continuing to discharge risks an empty battery and forced grid import.
2026-09-25 04:55:20 - Step 379 | Zone 0 | REJECTED [SOC_LOW] | SOC 0.000 | Proposed -0.455 -> Applied 0.100 | Battery SOC is below the safe minimum. Continuing to discharge risks an empty battery and forced grid import.
2026-09-25 04:55:20 - Step 379 | Zone 2 | REJECTED [SOC_LOW] | SOC 0.000 | Proposed -0.409 -> Applied 0.100 | Battery SOC is below the safe minimum. Continuing to discharge risks an empty battery and forced grid import.
2026-09-25 04:55:20 - Step 379 | Zone 3 | REJECTED [SOC_LOW] | SOC 0.000 | Proposed -0.437 -> Applied 0.100 | Battery SOC is below the safe minimum. Continuing to discharge risks an empty battery and forced grid import.
2026-09-25 04:55:20 - Step 379 | Zone 4 | REJECTED [SOC_LOW] | SOC 0.000 | Proposed -0.373 -> Applied 0.100 | Battery SOC is below the safe minimum. Continuing to discharge risks an empty battery and forced grid import.
2026-09-25 04:55:20 - Step 380 | Zone 1 | REJECTED [SOC_LOW] | SOC 0.000 | Proposed -0.499 -> Applied 0.100 | Battery SOC is below the safe minimum. Continuing to discharge risks an empty battery and forced grid import.
2026-09-25 04:55:21 - Step 381 | Zone 2 | REJECTED [SOC_LOW] | SOC 0.000 | Proposed -0.454 -> Applied 0.100 | Battery SOC is below the safe minimum. Continuing to discharge risks an empty battery and forced grid import.
2026-09-25 04:55:21 - Step 381 | Zone 3 | REJECTED [SOC_LOW] | SOC 0.000 | Proposed -0.465 -> Applied 0.100 | Battery SOC is below the safe minimum. Continuing to discharge risks an empty battery and forced grid import.
2026-09-25 04:55:21 - Step 381 | Zone 4 | REJECTED [SOC_LOW] | SOC 0.000 | Proposed -0.451 -> Applied 0.100 | Battery SOC is below the safe minimum. Continuing to discharge risks an empty battery and forced grid import.
2026-09-25 04:55:21 - Step 382 | Zone 0 | REJECTED [SOC_LOW] | SOC 0.000 | Proposed -0.416 -> Applied 0.100 | Battery SOC is below the safe minimum. Continuing to discharge risks an empty battery and forced grid import.
2026-09-25 04:55:21 - Step 382 | Zone 1 | REJECTED [SOC_LOW] | SOC 0.000 | Proposed -0.370 -> Applied 0.100 | Battery SOC is below the safe minimum. Continuing to discharge risks an empty battery and forced grid import.
2026-09-25 04:55:21 - Step 383 | Zone 2 | REJECTED [SOC_LOW] | SOC 0.000 | Proposed -0.346 -> Applied 0.100 | Battery SOC is below the safe minimum. Continuing to discharge risks an empty battery and forced grid import.
2026-09-25 04:55:21 - Step 383 | Zone 3 | REJECTED [SOC_LOW] | SOC 0.000 | Proposed -0.498 -> Applied 0.100 | Battery SOC is below the safe minimum. Continuing to discharge risks an empty battery and forced grid import.
2026-09-25 04:55:21 - Step 383 | Zone 4 | REJECTED [SOC_LOW] | SOC 0.000 | Proposed -0.479 -> Applied 0.100 | Battery SOC is below the safe minimum. Continuing to discharge risks an empty battery and forced grid import.
2026-09-25 04:55:21 - Step 384 | Zone 0 | REJECTED [SOC_LOW] | SOC 0.000 | Proposed -0.462 -> Applied 0.100 | Battery SOC is below the safe minimum. Continuing to discharge risks an empty battery and forced grid import.
2026-09-25 04:55:21 - Step 384 | Zone 1 | REJECTED [SOC_LOW] | SOC 0.000 | Proposed -0.486 -> Applied 0.100 | Battery SOC is below the safe minimum. Continuing to discharge risks an empty battery and forced grid import.
2026-09-25 04:55:22 - Step 385 | Zone 2 | REJECTED [SOC_LOW] | SOC 0.000 | Proposed -0.476 -> Applied 0.100 | Battery SOC is below the safe minimum. Continuing to discharge risks an empty battery and forced grid import.
2026-09-25 04:55:22 - Step 385 | Zone 3 | REJECTED [SOC_LOW] | SOC 0.000 | Proposed -0.479 -> Applied 0.100 | Battery SOC is below the safe minimum. Continuing to discharge risks an empty battery and forced grid import.
2026-09-25 04:55:22 - Step 385 | Zone 4 | REJECTED [SOC_LOW] | SOC 0.000 | Proposed -0.442 -> Applied 0.100 | Battery SOC is below the safe minimum. Continuing to discharge risks an empty battery and forced grid import.
2026-09-25 04:55:22 - Step 386 | Zone 0 | REJECTED [SOC_LOW] | SOC 0.000 | Proposed -0.449 -> Applied 0.100 | Battery SOC is below the safe minimum. Continuing to discharge risks an empty battery and forced grid import.
2026-09-25 04:55:22 - Step 386 | Zone 1 | REJECTED [SOC_LOW] | SOC 0.000 | Proposed -0.450 -> Applied 0.100 | Battery SOC is below the safe minimum. Continuing to discharge risks an empty battery and forced grid import.
2026-09-25 04:55:22 - Step 387 | Zone 2 | REJECTED [SOC_LOW] | SOC 0.000 | Proposed -0.421 -> Applied 0.100 | Battery SOC is below the safe minimum. Continuing to discharge risks an empty battery and forced grid import.
2026-09-25 04:55:22 - Step 387 | Zone 3 | REJECTED [SOC_LOW] | SOC 0.000 | Proposed -0.454 -> Applied 0.100 | Battery SOC is below the safe minimum. Continuing to discharge risks an empty battery and forced grid import.
2026-09-25 04:55:22 - Step 387 | Zone 4 | REJECTED [SOC_LOW] | SOC 0.000 | Proposed -0.471 -> Applied 0.100 | Battery SOC is below the safe minimum. Continuing to discharge risks an empty battery and forced grid import.
2026-09-25 04:55:22 - Step 388 | Zone 0 | REJECTED [SOC_LOW] | SOC 0.000 | Proposed -0.253 -> Applied 0.100 | Battery SOC is below the safe minimum. Continuing to discharge risks an empty battery and forced grid import.
2026-09-25 04:55:22 - Step 388 | Zone 1 | REJECTED [SOC_LOW] | SOC 0.000 | Proposed -0.398 -> Applied 0.100 | Battery SOC is below the safe minimum. Continuing to discharge risks an empty battery and forced grid import.
2026-09-25 04:55:23 - Step 389 | Zone 2 | REJECTED [SOC_LOW] | SOC 0.000 | Proposed -0.428 -> Applied 0.100 | Battery SOC is below the safe minimum. Continuing to discharge risks an empty battery and forced grid import.
2026-09-25 04:55:23 - Step 389 | Zone 3 | REJECTED [SOC_LOW] | SOC 0.000 | Proposed -0.471 -> Applied 0.100 | Battery SOC is below the safe minimum. Continuing to discharge risks an empty battery and forced grid import.
2026-09-25 04:55:23 - Step 389 | Zone 4 | REJECTED [SOC_LOW] | SOC 0.000 | Proposed -0.439 -> Applied 0.100 | Battery SOC is below the safe minimum. Continuing to discharge risks an empty battery and forced grid import.
2026-09-25 04:55:23 - Step 390 | Zone 0 | REJECTED [SOC_LOW] | SOC 0.000 | Proposed -0.477 -> Applied 0.100 | Battery SOC is below the safe minimum. Continuing to discharge risks an empty battery and forced grid import.
2026-09-25 04:55:23 - Step 390 | Zone 1 | REJECTED [SOC_LOW] | SOC 0.000 | Proposed -0.487 -> Applied 0.100 | Battery SOC is below the safe minimum. Continuing to discharge risks an empty battery and forced grid import.
2026-09-25 04:55:23 - Step 391 | Zone 2 | REJECTED [SOC_LOW] | SOC 0.000 | Proposed -0.479 -> Applied 0.100 | Battery SOC is below the safe minimum. Continuing to discharge risks an empty battery and forced grid import.
2026-09-25 04:55:23 - Step 391 | Zone 3 | REJECTED [SOC_LOW] | SOC 0.000 | Proposed -0.335 -> Applied 0.100 | Battery SOC is below the safe minimum. Continuing to discharge risks an empty battery and forced grid import.
2026-09-25 04:55:23 - Step 391 | Zone 4 | REJECTED [SOC_LOW] | SOC 0.000 | Proposed -0.493 -> Applied 0.100 | Battery SOC is below the safe minimum. Continuing to discharge risks an empty battery and forced grid import.
2026-09-25 04:55:23 - Step 392 | Zone 0 | REJECTED [SOC_LOW] | SOC 0.000 | Proposed -0.410 -> Applied 0.100 | Battery SOC is below the safe minimum. Continuing to discharge risks an empty battery and forced grid import.
2026-09-25 04:55:23 - Step 392 | Zone 1 | REJECTED [SOC_LOW] | SOC 0.000 | Proposed -0.343 -> Applied 0.100 | Battery SOC is below the safe minimum. Continuing to discharge risks an empty battery and forced grid import.
2026-09-25 04:55:24 - Step 393 | Zone 2 | REJECTED [SOC_LOW] | SOC 0.000 | Proposed -0.488 -> Applied 0.100 | Battery SOC is below the safe minimum. Continuing to discharge risks an empty battery and forced grid import.
2026-09-25 04:55:24 - Step 393 | Zone 3 | REJECTED [SOC_LOW] | SOC 0.000 | Proposed -0.480 -> Applied 0.100 | Battery SOC is below the safe minimum. Continuing to discharge risks an empty battery and forced grid import.
2026-09-25 04:55:24 - Step 393 | Zone 4 | REJECTED [SOC_LOW] | SOC 0.000 | Proposed -0.475 -> Applied 0.100 | Battery SOC is below the safe minimum. Continuing to discharge risks an empty battery and forced grid import.
2026-09-25 04:55:24 - Step 394 | Zone 0 | REJECTED [SOC_LOW] | SOC 0.000 | Proposed -0.022 -> Applied 0.100 | Battery SOC is below the safe minimum. Continuing to discharge risks an empty battery and forced grid import.
2026-09-25 04:55:24 - Step 394 | Zone 1 | REJECTED [SOC_LOW] | SOC 0.000 | Proposed -0.402 -> Applied 0.100 | Battery SOC is below the safe minimum. Continuing to discharge risks an empty battery and forced grid import.
2026-09-25 04:55:24 - Step 395 | Zone 3 | REJECTED [SOC_LOW] | SOC 0.000 | Proposed -0.399 -> Applied 0.100 | Battery SOC is below the safe minimum. Continuing to discharge risks an empty battery and forced grid import.
2026-09-25 04:55:24 - Step 395 | Zone 4 | REJECTED [SOC_LOW] | SOC 0.000 | Proposed -0.294 -> Applied 0.100 | Battery SOC is below the safe minimum. Continuing to discharge risks an empty battery and forced grid import.
2026-09-25 04:55:24 - Step 396 | Zone 0 | REJECTED [SOC_LOW] | SOC 0.000 | Proposed -0.465 -> Applied 0.100 | Battery SOC is below the safe minimum. Continuing to discharge risks an empty battery and forced grid import.
2026-09-25 04:55:24 - Step 396 | Zone 1 | REJECTED [SOC_LOW] | SOC 0.000 | Proposed -0.440 -> Applied 0.100 | Battery SOC is below the safe minimum. Continuing to discharge risks an empty battery and forced grid import.
2026-09-25 04:55:25 - Step 397 | Zone 3 | REJECTED [SOC_LOW] | SOC 0.000 | Proposed -0.496 -> Applied 0.100 | Battery SOC is below the safe minimum. Continuing to discharge risks an empty battery and forced grid import.
2026-09-25 04:55:25 - Step 397 | Zone 4 | REJECTED [SOC_LOW] | SOC 0.000 | Proposed -0.439 -> Applied 0.100 | Battery SOC is below the safe minimum. Continuing to discharge risks an empty battery and forced grid import.
2026-09-25 04:55:25 - Step 398 | Zone 0 | REJECTED [SOC_LOW] | SOC 0.000 | Proposed -0.367 -> Applied 0.100 | Battery SOC is below the safe minimum. Continuing to discharge risks an empty battery and forced grid import.
2026-09-25 04:55:25 - Step 398 | Zone 2 | REJECTED [SOC_LOW] | SOC 0.000 | Proposed -0.111 -> Applied 0.100 | Battery SOC is below the safe minimum. Continuing to discharge risks an empty battery and forced grid import.
2026-09-25 04:55:25 - Step 399 | Zone 1 | REJECTED [SOC_LOW] | SOC 0.000 | Proposed -0.287 -> Applied 0.100 | Battery SOC is below the safe minimum. Continuing to discharge risks an empty battery and forced grid import.
2026-09-25 04:55:25 - Step 399 | Zone 3 | REJECTED [SOC_LOW] | SOC 0.000 | Proposed -0.379 -> Applied 0.100 | Battery SOC is below the safe minimum. Continuing to discharge risks an empty battery and forced grid import.
2026-09-25 04:55:25 - Step 399 | Zone 4 | REJECTED [SOC_LOW] | SOC 0.000 | Proposed -0.437 -> Applied 0.100 | Battery SOC is below the safe minimum. Continuing to discharge risks an empty battery and forced grid import.
2026-09-25 04:55:25 - Step 400 | Zone 0 | REJECTED [SOC_LOW] | SOC 0.000 | Proposed -0.471 -> Applied 0.100 | Battery SOC is below the safe minimum. Continuing to discharge risks an empty battery and forced grid import.
2026-09-25 04:55:25 - Step 400 | Zone 2 | REJECTED [SOC_LOW] | SOC 0.000 | Proposed -0.432 -> Applied 0.100 | Battery SOC is below the safe minimum. Continuing to discharge risks an empty battery and forced grid import.
2026-09-25 04:55:26 - Step 401 | Zone 0 | REJECTED [SOC_LOW] | SOC 0.000 | Proposed -0.232 -> Applied 0.100 | Battery SOC is below the safe minimum. Continuing to discharge risks an empty battery and forced grid import.
2026-09-25 04:55:26 - Step 401 | Zone 2 | REJECTED [SOC_LOW] | SOC 0.000 | Proposed -0.139 -> Applied 0.100 | Battery SOC is below the safe minimum. Continuing to discharge risks an empty battery and forced grid import.
2026-09-25 04:55:26 - Step 401 | Zone 3 | REJECTED [SOC_LOW] | SOC 0.000 | Proposed -0.333 -> Applied 0.100 | Battery SOC is below the safe minimum. Continuing to discharge risks an empty battery and forced grid import.
2026-09-25 04:55:26 - Step 401 | Zone 4 | REJECTED [SOC_LOW] | SOC 0.000 | Proposed -0.146 -> Applied 0.100 | Battery SOC is below the safe minimum. Continuing to discharge risks an empty battery and forced grid import.
2026-09-25 04:55:26 - Step 403 | Zone 0 | REJECTED [SOC_LOW] | SOC 0.000 | Proposed -0.466 -> Applied 0.100 | Battery SOC is below the safe minimum. Continuing to discharge risks an empty battery and forced grid import.
2026-09-25 04:55:26 - Step 403 | Zone 1 | REJECTED [SOC_LOW] | SOC 0.000 | Proposed -0.486 -> Applied 0.100 | Battery SOC is below the safe minimum. Continuing to discharge risks an empty battery and forced grid import.
2026-09-25 04:55:26 - Step 403 | Zone 2 | REJECTED [SOC_LOW] | SOC 0.000 | Proposed -0.495 -> Applied 0.100 | Battery SOC is below the safe minimum. Continuing to discharge risks an empty battery and forced grid import.
2026-09-25 04:55:26 - Step 403 | Zone 3 | REJECTED [SOC_LOW] | SOC 0.000 | Proposed -0.490 -> Applied 0.100 | Battery SOC is below the safe minimum. Continuing to discharge risks an empty battery and forced grid import.
2026-09-25 04:55:26 - Step 403 | Zone 4 | REJECTED [SOC_LOW] | SOC 0.000 | Proposed -0.466 -> Applied 0.100 | Battery SOC is below the safe minimum. Continuing to discharge risks an empty battery and forced grid import.
2026-09-25 04:55:27 - Step 405 | Zone 0 | REJECTED [SOC_LOW] | SOC 0.000 | Proposed -0.455 -> Applied 0.100 | Battery SOC is below the safe minimum. Continuing to discharge risks an empty battery and forced grid import.
2026-09-25 04:55:27 - Step 405 | Zone 1 | REJECTED [SOC_LOW] | SOC 0.000 | Proposed -0.271 -> Applied 0.100 | Battery SOC is below the safe minimum. Continuing to discharge risks an empty battery and forced grid import.
2026-09-25 04:55:27 - Step 405 | Zone 2 | REJECTED [SOC_LOW] | SOC 0.000 | Proposed -0.485 -> Applied 0.100 | Battery SOC is below the safe minimum. Continuing to discharge risks an empty battery and forced grid import.
2026-09-25 04:55:27 - Step 405 | Zone 3 | REJECTED [SOC_LOW] | SOC 0.000 | Proposed -0.490 -> Applied 0.100 | Battery SOC is below the safe minimum. Continuing to discharge risks an empty battery and forced grid import.
2026-09-25 04:55:27 - Step 405 | Zone 4 | REJECTED [SOC_LOW] | SOC 0.000 | Proposed -0.460 -> Applied 0.100 | Battery SOC is below the safe minimum. Continuing to discharge risks an empty battery and forced grid import.
2026-09-25 04:55:27 - Step 407 | Zone 0 | REJECTED [SOC_LOW] | SOC 0.000 | Proposed -0.468 -> Applied 0.100 | Battery SOC is below the safe minimum. Continuing to discharge risks an empty battery and forced grid import.
2026-09-25 04:55:27 - Step 407 | Zone 1 | REJECTED [SOC_LOW] | SOC 0.000 | Proposed -0.287 -> Applied 0.100 | Battery SOC is below the safe minimum. Continuing to discharge risks an empty battery and forced grid import.
2026-09-25 04:55:27 - Step 407 | Zone 2 | REJECTED [SOC_LOW] | SOC 0.000 | Proposed -0.463 -> Applied 0.100 | Battery SOC is below the safe minimum. Continuing to discharge risks an empty battery and forced grid import.
2026-09-25 04:55:27 - Step 407 | Zone 3 | REJECTED [SOC_LOW] | SOC 0.000 | Proposed -0.496 -> Applied 0.100 | Battery SOC is below the safe minimum. Continuing to discharge risks an empty battery and forced grid import.
2026-09-25 04:55:27 - Step 407 | Zone 4 | REJECTED [SOC_LOW] | SOC 0.000 | Proposed -0.284 -> Applied 0.100 | Battery SOC is below the safe minimum. Continuing to discharge risks an empty battery and forced grid import.
2026-09-25 04:55:27 - Step 409 | Zone 0 | REJECTED [SOC_LOW] | SOC 0.000 | Proposed -0.320 -> Applied 0.100 | Battery SOC is below the safe minimum. Continuing to discharge risks an empty battery and forced grid import.
2026-09-25 04:55:27 - Step 409 | Zone 1 | REJECTED [SOC_LOW] | SOC 0.000 | Proposed -0.478 -> Applied 0.100 | Battery SOC is below the safe minimum. Continuing to discharge risks an empty battery and forced grid import.
2026-09-25 04:55:27 - Step 409 | Zone 2 | REJECTED [SOC_LOW] | SOC 0.000 | Proposed -0.362 -> Applied 0.100 | Battery SOC is below the safe minimum. Continuing to discharge risks an empty battery and forced grid import.
2026-09-25 04:55:27 - Step 409 | Zone 3 | REJECTED [SOC_LOW] | SOC 0.000 | Proposed -0.488 -> Applied 0.100 | Battery SOC is below the safe minimum. Continuing to discharge risks an empty battery and forced grid import.
2026-09-25 04:55:27 - Step 409 | Zone 4 | REJECTED [SOC_LOW] | SOC 0.000 | Proposed -0.235 -> Applied 0.100 | Battery SOC is below the safe minimum. Continuing to discharge risks an empty battery and forced grid import.
2026-09-25 04:55:28 - Step 411 | Zone 0 | REJECTED [SOC_LOW] | SOC 0.000 | Proposed -0.471 -> Applied 0.100 | Battery SOC is below the safe minimum. Continuing to discharge risks an empty battery and forced grid import.
2026-09-25 04:55:28 - Step 411 | Zone 1 | REJECTED [SOC_LOW] | SOC 0.000 | Proposed -0.473 -> Applied 0.100 | Battery SOC is below the safe minimum. Continuing to discharge risks an empty battery and forced grid import.
2026-09-25 04:55:28 - Step 411 | Zone 3 | REJECTED [SOC_LOW] | SOC 0.000 | Proposed -0.488 -> Applied 0.100 | Battery SOC is below the safe minimum. Continuing to discharge risks an empty battery and forced grid import.
2026-09-25 04:55:28 - Step 411 | Zone 4 | REJECTED [SOC_LOW] | SOC 0.000 | Proposed -0.493 -> Applied 0.100 | Battery SOC is below the safe minimum. Continuing to discharge risks an empty battery and forced grid import.
2026-09-25 04:55:28 - Step 412 | Zone 2 | REJECTED [SOC_LOW] | SOC 0.000 | Proposed -0.459 -> Applied 0.100 | Battery SOC is below the safe minimum. Continuing to discharge risks an empty battery and forced grid import.
2026-09-25 04:55:28 - Step 413 | Zone 0 | REJECTED [SOC_LOW] | SOC 0.000 | Proposed -0.489 -> Applied 0.100 | Battery SOC is below the safe minimum. Continuing to discharge risks an empty battery and forced grid import.
2026-09-25 04:55:28 - Step 413 | Zone 1 | REJECTED [SOC_LOW] | SOC 0.000 | Proposed -0.469 -> Applied 0.100 | Battery SOC is below the safe minimum. Continuing to discharge risks an empty battery and forced grid import.
2026-09-25 04:55:28 - Step 413 | Zone 3 | REJECTED [SOC_LOW] | SOC 0.000 | Proposed -0.470 -> Applied 0.100 | Battery SOC is below the safe minimum. Continuing to discharge risks an empty battery and forced grid import.
2026-09-25 04:55:28 - Step 413 | Zone 4 | REJECTED [SOC_LOW] | SOC 0.025 | Proposed -0.426 -> Applied 0.100 | Battery SOC is below the safe minimum. Continuing to discharge risks an empty battery and forced grid import.
2026-09-25 04:55:29 - Step 414 | Zone 2 | REJECTED [SOC_LOW] | SOC 0.018 | Proposed -0.402 -> Applied 0.100 | Battery SOC is below the safe minimum. Continuing to discharge risks an empty battery and forced grid import.
2026-09-25 04:55:29 - Step 415 | Zone 1 | REJECTED [SOC_LOW] | SOC 0.000 | Proposed -0.381 -> Applied 0.100 | Battery SOC is below the safe minimum. Continuing to discharge risks an empty battery and forced grid import.
2026-09-25 04:55:29 - Step 415 | Zone 3 | REJECTED [SOC_LOW] | SOC 0.000 | Proposed -0.353 -> Applied 0.100 | Battery SOC is below the safe minimum. Continuing to discharge risks an empty battery and forced grid import.
2026-09-25 04:55:29 - Step 416 | Zone 0 | REJECTED [SOC_LOW] | SOC 0.000 | Proposed -0.440 -> Applied 0.100 | Battery SOC is below the safe minimum. Continuing to discharge risks an empty battery and forced grid import.
2026-09-25 04:55:29 - Step 416 | Zone 2 | REJECTED [SOC_LOW] | SOC 0.000 | Proposed -0.434 -> Applied 0.100 | Battery SOC is below the safe minimum. Continuing to discharge risks an empty battery and forced grid import.
2026-09-25 04:55:29 - Step 416 | Zone 4 | REJECTED [SOC_LOW] | SOC 0.000 | Proposed -0.483 -> Applied 0.100 | Battery SOC is below the safe minimum. Continuing to discharge risks an empty battery and forced grid import.
2026-09-25 04:55:29 - Step 417 | Zone 1 | REJECTED [SOC_LOW] | SOC 0.000 | Proposed -0.406 -> Applied 0.100 | Battery SOC is below the safe minimum. Continuing to discharge risks an empty battery and forced grid import.
2026-09-25 04:55:29 - Step 417 | Zone 3 | REJECTED [SOC_LOW] | SOC 0.000 | Proposed -0.432 -> Applied 0.100 | Battery SOC is below the safe minimum. Continuing to discharge risks an empty battery and forced grid import.
2026-09-25 04:55:30 - Step 418 | Zone 0 | REJECTED [SOC_LOW] | SOC 0.000 | Proposed -0.476 -> Applied 0.100 | Battery SOC is below the safe minimum. Continuing to discharge risks an empty battery and forced grid import.
2026-09-25 04:55:30 - Step 418 | Zone 2 | REJECTED [SOC_LOW] | SOC 0.000 | Proposed -0.100 -> Applied 0.100 | Battery SOC is below the safe minimum. Continuing to discharge risks an empty battery and forced grid import.
2026-09-25 04:55:30 - Step 418 | Zone 4 | REJECTED [SOC_LOW] | SOC 0.000 | Proposed -0.412 -> Applied 0.100 | Battery SOC is below the safe minimum. Continuing to discharge risks an empty battery and forced grid import.
2026-09-25 04:55:30 - Step 419 | Zone 1 | REJECTED [SOC_LOW] | SOC 0.000 | Proposed -0.471 -> Applied 0.100 | Battery SOC is below the safe minimum. Continuing to discharge risks an empty battery and forced grid import.
2026-09-25 04:55:30 - Step 419 | Zone 3 | REJECTED [SOC_LOW] | SOC 0.000 | Proposed -0.489 -> Applied 0.100 | Battery SOC is below the safe minimum. Continuing to discharge risks an empty battery and forced grid import.
2026-09-25 04:55:30 - Step 420 | Zone 0 | REJECTED [SOC_LOW] | SOC 0.000 | Proposed -0.393 -> Applied 0.100 | Battery SOC is below the safe minimum. Continuing to discharge risks an empty battery and forced grid import.
2026-09-25 04:55:30 - Step 420 | Zone 2 | REJECTED [SOC_LOW] | SOC 0.000 | Proposed -0.477 -> Applied 0.100 | Battery SOC is below the safe minimum. Continuing to discharge risks an empty battery and forced grid import.
2026-09-25 04:55:30 - Step 420 | Zone 4 | REJECTED [SOC_LOW] | SOC 0.000 | Proposed -0.496 -> Applied 0.100 | Battery SOC is below the safe minimum. Continuing to discharge risks an empty battery and forced grid import.
2026-09-25 04:55:30 - Step 421 | Zone 1 | REJECTED [SOC_LOW] | SOC 0.000 | Proposed -0.492 -> Applied 0.100 | Battery SOC is below the safe minimum. Continuing to discharge risks an empty battery and forced grid import.
2026-09-25 04:55:30 - Step 421 | Zone 3 | REJECTED [SOC_LOW] | SOC 0.000 | Proposed -0.493 -> Applied 0.100 | Battery SOC is below the safe minimum. Continuing to discharge risks an empty battery and forced grid import.
2026-09-25 04:55:31 - Step 422 | Zone 2 | REJECTED [SOC_LOW] | SOC 0.000 | Proposed -0.468 -> Applied 0.100 | Battery SOC is below the safe minimum. Continuing to discharge risks an empty battery and forced grid import.
2026-09-25 04:55:31 - Step 422 | Zone 4 | REJECTED [SOC_LOW] | SOC 0.000 | Proposed -0.430 -> Applied 0.100 | Battery SOC is below the safe minimum. Continuing to discharge risks an empty battery and forced grid import.
2026-09-25 04:55:31 - Step 423 | Zone 1 | REJECTED [SOC_LOW] | SOC 0.000 | Proposed -0.492 -> Applied 0.100 | Battery SOC is below the safe minimum. Continuing to discharge risks an empty battery and forced grid import.
2026-09-25 04:55:31 - Step 423 | Zone 3 | REJECTED [SOC_LOW] | SOC 0.000 | Proposed -0.472 -> Applied 0.100 | Battery SOC is below the safe minimum. Continuing to discharge risks an empty battery and forced grid import.
2026-09-25 04:55:31 - Step 424 | Zone 0 | REJECTED [SOC_LOW] | SOC 0.000 | Proposed -0.393 -> Applied 0.100 | Battery SOC is below the safe minimum. Continuing to discharge risks an empty battery and forced grid import.
2026-09-25 04:55:31 - Step 424 | Zone 2 | REJECTED [SOC_LOW] | SOC 0.000 | Proposed -0.302 -> Applied 0.100 | Battery SOC is below the safe minimum. Continuing to discharge risks an empty battery and forced grid import.
2026-09-25 04:55:31 - Step 424 | Zone 4 | REJECTED [SOC_LOW] | SOC 0.000 | Proposed -0.481 -> Applied 0.100 | Battery SOC is below the safe minimum. Continuing to discharge risks an empty battery and forced grid import.
2026-09-25 04:55:31 - Step 425 | Zone 1 | REJECTED [SOC_LOW] | SOC 0.000 | Proposed -0.425 -> Applied 0.100 | Battery SOC is below the safe minimum. Continuing to discharge risks an empty battery and forced grid import.
2026-09-25 04:55:31 - Step 425 | Zone 3 | REJECTED [SOC_LOW] | SOC 0.000 | Proposed -0.481 -> Applied 0.100 | Battery SOC is below the safe minimum. Continuing to discharge risks an empty battery and forced grid import.
2026-09-25 04:55:32 - Step 426 | Zone 0 | REJECTED [SOC_LOW] | SOC 0.000 | Proposed -0.464 -> Applied 0.100 | Battery SOC is below the safe minimum. Continuing to discharge risks an empty battery and forced grid import.
2026-09-25 04:55:32 - Step 426 | Zone 2 | REJECTED [SOC_LOW] | SOC 0.000 | Proposed -0.484 -> Applied 0.100 | Battery SOC is below the safe minimum. Continuing to discharge risks an empty battery and forced grid import.
2026-09-25 04:55:32 - Step 426 | Zone 4 | REJECTED [SOC_LOW] | SOC 0.000 | Proposed -0.473 -> Applied 0.100 | Battery SOC is below the safe minimum. Continuing to discharge risks an empty battery and forced grid import.
2026-09-25 04:55:32 - Step 427 | Zone 1 | REJECTED [SOC_LOW] | SOC 0.000 | Proposed -0.485 -> Applied 0.100 | Battery SOC is below the safe minimum. Continuing to discharge risks an empty battery and forced grid import.
2026-09-25 04:55:32 - Step 427 | Zone 3 | REJECTED [SOC_LOW] | SOC 0.000 | Proposed -0.483 -> Applied 0.100 | Battery SOC is below the safe minimum. Continuing to discharge risks an empty battery and forced grid import.
2026-09-25 04:55:32 - Step 428 | Zone 0 | REJECTED [SOC_LOW] | SOC 0.000 | Proposed -0.416 -> Applied 0.100 | Battery SOC is below the safe minimum. Continuing to discharge risks an empty battery and forced grid import.
2026-09-25 04:55:32 - Step 428 | Zone 2 | REJECTED [SOC_LOW] | SOC 0.000 | Proposed -0.470 -> Applied 0.100 | Battery SOC is below the safe minimum. Continuing to discharge risks an empty battery and forced grid import.
2026-09-25 04:55:32 - Step 428 | Zone 4 | REJECTED [SOC_LOW] | SOC 0.000 | Proposed -0.493 -> Applied 0.100 | Battery SOC is below the safe minimum. Continuing to discharge risks an empty battery and forced grid import.
2026-09-25 04:55:32 - Step 429 | Zone 1 | REJECTED [SOC_LOW] | SOC 0.000 | Proposed -0.475 -> Applied 0.100 | Battery SOC is below the safe minimum. Continuing to discharge risks an empty battery and forced grid import.
2026-09-25 04:55:32 - Step 429 | Zone 3 | REJECTED [SOC_LOW] | SOC 0.000 | Proposed -0.474 -> Applied 0.100 | Battery SOC is below the safe minimum. Continuing to discharge risks an empty battery and forced grid import.
2026-09-25 04:55:33 - Step 430 | Zone 0 | REJECTED [SOC_LOW] | SOC 0.000 | Proposed -0.449 -> Applied 0.100 | Battery SOC is below the safe minimum. Continuing to discharge risks an empty battery and forced grid import.
2026-09-25 04:55:33 - Step 430 | Zone 2 | REJECTED [SOC_LOW] | SOC 0.000 | Proposed -0.457 -> Applied 0.100 | Battery SOC is below the safe minimum. Continuing to discharge risks an empty battery and forced grid import.
2026-09-25 04:55:33 - Step 430 | Zone 4 | REJECTED [SOC_LOW] | SOC 0.000 | Proposed -0.475 -> Applied 0.100 | Battery SOC is below the safe minimum. Continuing to discharge risks an empty battery and forced grid import.
2026-09-25 04:55:33 - Step 431 | Zone 1 | REJECTED [SOC_LOW] | SOC 0.000 | Proposed -0.484 -> Applied 0.100 | Battery SOC is below the safe minimum. Continuing to discharge risks an empty battery and forced grid import.
2026-09-25 04:55:33 - Step 431 | Zone 3 | REJECTED [SOC_LOW] | SOC 0.000 | Proposed -0.495 -> Applied 0.100 | Battery SOC is below the safe minimum. Continuing to discharge risks an empty battery and forced grid import.
2026-09-25 04:55:33 - Step 432 | Zone 0 | REJECTED [SOC_LOW] | SOC 0.000 | Proposed -0.259 -> Applied 0.100 | Battery SOC is below the safe minimum. Continuing to discharge risks an empty battery and forced grid import.
2026-09-25 04:55:33 - Step 432 | Zone 2 | REJECTED [SOC_LOW] | SOC 0.000 | Proposed -0.124 -> Applied 0.100 | Battery SOC is below the safe minimum. Continuing to discharge risks an empty battery and forced grid import.
2026-09-25 04:55:33 - Step 432 | Zone 4 | REJECTED [SOC_LOW] | SOC 0.000 | Proposed -0.494 -> Applied 0.100 | Battery SOC is below the safe minimum. Continuing to discharge risks an empty battery and forced grid import.
2026-09-25 04:55:33 - Step 433 | Zone 1 | REJECTED [SOC_LOW] | SOC 0.000 | Proposed -0.489 -> Applied 0.100 | Battery SOC is below the safe minimum. Continuing to discharge risks an empty battery and forced grid import.
2026-09-25 04:55:33 - Step 433 | Zone 3 | REJECTED [SOC_LOW] | SOC 0.000 | Proposed -0.491 -> Applied 0.100 | Battery SOC is below the safe minimum. Continuing to discharge risks an empty battery and forced grid import.
2026-09-25 04:55:33 - Step 434 | Zone 0 | REJECTED [SOC_LOW] | SOC 0.000 | Proposed -0.352 -> Applied 0.100 | Battery SOC is below the safe minimum. Continuing to discharge risks an empty battery and forced grid import.
2026-09-25 04:55:33 - Step 434 | Zone 2 | REJECTED [SOC_LOW] | SOC 0.000 | Proposed -0.374 -> Applied 0.100 | Battery SOC is below the safe minimum. Continuing to discharge risks an empty battery and forced grid import.
2026-09-25 04:55:33 - Step 434 | Zone 4 | REJECTED [SOC_LOW] | SOC 0.000 | Proposed -0.379 -> Applied 0.100 | Battery SOC is below the safe minimum. Continuing to discharge risks an empty battery and forced grid import.
2026-09-25 04:55:34 - Step 435 | Zone 1 | REJECTED [SOC_LOW] | SOC 0.000 | Proposed -0.479 -> Applied 0.100 | Battery SOC is below the safe minimum. Continuing to discharge risks an empty battery and forced grid import.
2026-09-25 04:55:34 - Step 435 | Zone 3 | REJECTED [SOC_LOW] | SOC 0.000 | Proposed -0.455 -> Applied 0.100 | Battery SOC is below the safe minimum. Continuing to discharge risks an empty battery and forced grid import.
2026-09-25 04:55:34 - Step 436 | Zone 2 | REJECTED [SOC_LOW] | SOC 0.000 | Proposed -0.420 -> Applied 0.100 | Battery SOC is below the safe minimum. Continuing to discharge risks an empty battery and forced grid import.
2026-09-25 04:55:34 - Step 436 | Zone 4 | REJECTED [SOC_LOW] | SOC 0.000 | Proposed -0.088 -> Applied 0.100 | Battery SOC is below the safe minimum. Continuing to discharge risks an empty battery and forced grid import.
2026-09-25 04:55:34 - Step 437 | Zone 1 | REJECTED [SOC_LOW] | SOC 0.000 | Proposed -0.418 -> Applied 0.100 | Battery SOC is below the safe minimum. Continuing to discharge risks an empty battery and forced grid import.
2026-09-25 04:55:34 - Step 437 | Zone 3 | REJECTED [SOC_LOW] | SOC 0.000 | Proposed -0.492 -> Applied 0.100 | Battery SOC is below the safe minimum. Continuing to discharge risks an empty battery and forced grid import.
2026-09-25 04:55:34 - Step 438 | Zone 0 | REJECTED [SOC_LOW] | SOC 0.000 | Proposed -0.152 -> Applied 0.100 | Battery SOC is below the safe minimum. Continuing to discharge risks an empty battery and forced grid import.
2026-09-25 04:55:34 - Step 438 | Zone 2 | REJECTED [SOC_LOW] | SOC 0.000 | Proposed -0.478 -> Applied 0.100 | Battery SOC is below the safe minimum. Continuing to discharge risks an empty battery and forced grid import.
2026-09-25 04:55:34 - Step 438 | Zone 4 | REJECTED [SOC_LOW] | SOC 0.000 | Proposed -0.339 -> Applied 0.100 | Battery SOC is below the safe minimum. Continuing to discharge risks an empty battery and forced grid import.
2026-09-25 04:55:35 - Step 439 | Zone 1 | REJECTED [SOC_LOW] | SOC 0.000 | Proposed -0.480 -> Applied 0.100 | Battery SOC is below the safe minimum. Continuing to discharge risks an empty battery and forced grid import.
2026-09-25 04:55:35 - Step 439 | Zone 3 | REJECTED [SOC_LOW] | SOC 0.000 | Proposed -0.459 -> Applied 0.100 | Battery SOC is below the safe minimum. Continuing to discharge risks an empty battery and forced grid import.
2026-09-25 04:55:35 - Step 440 | Zone 2 | REJECTED [SOC_LOW] | SOC 0.000 | Proposed -0.443 -> Applied 0.100 | Battery SOC is below the safe minimum. Continuing to discharge risks an empty battery and forced grid import.
2026-09-25 04:55:35 - Step 440 | Zone 4 | REJECTED [SOC_LOW] | SOC 0.000 | Proposed -0.462 -> Applied 0.100 | Battery SOC is below the safe minimum. Continuing to discharge risks an empty battery and forced grid import.
2026-09-25 04:55:35 - Step 441 | Zone 0 | REJECTED [SOC_LOW] | SOC 0.000 | Proposed -0.496 -> Applied 0.100 | Battery SOC is below the safe minimum. Continuing to discharge risks an empty battery and forced grid import.
2026-09-25 04:55:35 - Step 441 | Zone 1 | REJECTED [SOC_LOW] | SOC 0.000 | Proposed -0.409 -> Applied 0.100 | Battery SOC is below the safe minimum. Continuing to discharge risks an empty battery and forced grid import.
2026-09-25 04:55:35 - Step 441 | Zone 3 | REJECTED [SOC_LOW] | SOC 0.000 | Proposed -0.450 -> Applied 0.100 | Battery SOC is below the safe minimum. Continuing to discharge risks an empty battery and forced grid import.
2026-09-25 04:55:35 - Step 442 | Zone 2 | REJECTED [SOC_LOW] | SOC 0.000 | Proposed -0.345 -> Applied 0.100 | Battery SOC is below the safe minimum. Continuing to discharge risks an empty battery and forced grid import.
2026-09-25 04:55:35 - Step 442 | Zone 4 | REJECTED [SOC_LOW] | SOC 0.000 | Proposed -0.487 -> Applied 0.100 | Battery SOC is below the safe minimum. Continuing to discharge risks an empty battery and forced grid import.
2026-09-25 04:55:36 - Step 443 | Zone 0 | REJECTED [SOC_LOW] | SOC 0.000 | Proposed -0.495 -> Applied 0.100 | Battery SOC is below the safe minimum. Continuing to discharge risks an empty battery and forced grid import.
2026-09-25 04:55:36 - Step 443 | Zone 1 | REJECTED [SOC_LOW] | SOC 0.000 | Proposed -0.472 -> Applied 0.100 | Battery SOC is below the safe minimum. Continuing to discharge risks an empty battery and forced grid import.
2026-09-25 04:55:36 - Step 443 | Zone 3 | REJECTED [SOC_LOW] | SOC 0.000 | Proposed -0.452 -> Applied 0.100 | Battery SOC is below the safe minimum. Continuing to discharge risks an empty battery and forced grid import.
2026-09-25 04:55:36 - Step 444 | Zone 2 | REJECTED [SOC_LOW] | SOC 0.000 | Proposed -0.493 -> Applied 0.100 | Battery SOC is below the safe minimum. Continuing to discharge risks an empty battery and forced grid import.
2026-09-25 04:55:36 - Step 444 | Zone 4 | REJECTED [SOC_LOW] | SOC 0.000 | Proposed -0.401 -> Applied 0.100 | Battery SOC is below the safe minimum. Continuing to discharge risks an empty battery and forced grid import.
2026-09-25 04:55:36 - Step 445 | Zone 1 | REJECTED [SOC_LOW] | SOC 0.000 | Proposed -0.492 -> Applied 0.100 | Battery SOC is below the safe minimum. Continuing to discharge risks an empty battery and forced grid import.
2026-09-25 04:55:36 - Step 445 | Zone 3 | REJECTED [SOC_LOW] | SOC 0.000 | Proposed -0.494 -> Applied 0.100 | Battery SOC is below the safe minimum. Continuing to discharge risks an empty battery and forced grid import.
2026-09-25 04:55:36 - Step 446 | Zone 2 | REJECTED [SOC_LOW] | SOC 0.000 | Proposed -0.452 -> Applied 0.100 | Battery SOC is below the safe minimum. Continuing to discharge risks an empty battery and forced grid import.
2026-09-25 04:55:36 - Step 446 | Zone 4 | REJECTED [SOC_LOW] | SOC 0.000 | Proposed -0.444 -> Applied 0.100 | Battery SOC is below the safe minimum. Continuing to discharge risks an empty battery and forced grid import.
2026-09-25 04:55:37 - Step 447 | Zone 0 | REJECTED [SOC_LOW] | SOC 0.000 | Proposed -0.449 -> Applied 0.100 | Battery SOC is below the safe minimum. Continuing to discharge risks an empty battery and forced grid import.
2026-09-25 04:55:37 - Step 447 | Zone 1 | REJECTED [SOC_LOW] | SOC 0.000 | Proposed -0.357 -> Applied 0.100 | Battery SOC is below the safe minimum. Continuing to discharge risks an empty battery and forced grid import.
2026-09-25 04:55:37 - Step 447 | Zone 3 | REJECTED [SOC_LOW] | SOC 0.000 | Proposed -0.443 -> Applied 0.100 | Battery SOC is below the safe minimum. Continuing to discharge risks an empty battery and forced grid import.
2026-09-25 04:55:37 - Step 448 | Zone 2 | REJECTED [SOC_LOW] | SOC 0.000 | Proposed -0.496 -> Applied 0.100 | Battery SOC is below the safe minimum. Continuing to discharge risks an empty battery and forced grid import.
2026-09-25 04:55:37 - Step 448 | Zone 4 | REJECTED [SOC_LOW] | SOC 0.000 | Proposed -0.427 -> Applied 0.100 | Battery SOC is below the safe minimum. Continuing to discharge risks an empty battery and forced grid import.
2026-09-25 04:55:38 - Step 449 | Zone 0 | REJECTED [SOC_LOW] | SOC 0.000 | Proposed -0.473 -> Applied 0.100 | Battery SOC is below the safe minimum. Continuing to discharge risks an empty battery and forced grid import.
2026-09-25 04:55:38 - Step 449 | Zone 1 | REJECTED [SOC_LOW] | SOC 0.000 | Proposed -0.171 -> Applied 0.100 | Battery SOC is below the safe minimum. Continuing to discharge risks an empty battery and forced grid import.
2026-09-25 04:55:38 - Step 449 | Zone 3 | REJECTED [SOC_LOW] | SOC 0.000 | Proposed -0.435 -> Applied 0.100 | Battery SOC is below the safe minimum. Continuing to discharge risks an empty battery and forced grid import.
2026-09-25 04:55:38 - Step 450 | Zone 2 | REJECTED [SOC_LOW] | SOC 0.000 | Proposed -0.024 -> Applied 0.100 | Battery SOC is below the safe minimum. Continuing to discharge risks an empty battery and forced grid import.
2026-09-25 04:55:38 - Step 450 | Zone 4 | REJECTED [SOC_LOW] | SOC 0.000 | Proposed -0.437 -> Applied 0.100 | Battery SOC is below the safe minimum. Continuing to discharge risks an empty battery and forced grid import.
2026-09-25 04:55:38 - Step 451 | Zone 0 | REJECTED [SOC_LOW] | SOC 0.000 | Proposed -0.480 -> Applied 0.100 | Battery SOC is below the safe minimum. Continuing to discharge risks an empty battery and forced grid import.
2026-09-25 04:55:38 - Step 451 | Zone 1 | REJECTED [SOC_LOW] | SOC 0.000 | Proposed -0.255 -> Applied 0.100 | Battery SOC is below the safe minimum. Continuing to discharge risks an empty battery and forced grid import.
2026-09-25 04:55:38 - Step 451 | Zone 3 | REJECTED [SOC_LOW] | SOC 0.000 | Proposed -0.415 -> Applied 0.100 | Battery SOC is below the safe minimum. Continuing to discharge risks an empty battery and forced grid import.
2026-09-25 04:55:38 - Step 452 | Zone 2 | REJECTED [SOC_LOW] | SOC 0.000 | Proposed -0.493 -> Applied 0.100 | Battery SOC is below the safe minimum. Continuing to discharge risks an empty battery and forced grid import.
2026-09-25 04:55:38 - Step 452 | Zone 4 | REJECTED [SOC_LOW] | SOC 0.000 | Proposed -0.472 -> Applied 0.100 | Battery SOC is below the safe minimum. Continuing to discharge risks an empty battery and forced grid import.
2026-09-25 04:55:39 - Step 453 | Zone 0 | REJECTED [SOC_LOW] | SOC 0.000 | Proposed -0.445 -> Applied 0.100 | Battery SOC is below the safe minimum. Continuing to discharge risks an empty battery and forced grid import.
2026-09-25 04:55:39 - Step 453 | Zone 1 | REJECTED [SOC_LOW] | SOC 0.000 | Proposed -0.452 -> Applied 0.100 | Battery SOC is below the safe minimum. Continuing to discharge risks an empty battery and forced grid import.
2026-09-25 04:55:39 - Step 453 | Zone 3 | REJECTED [SOC_LOW] | SOC 0.000 | Proposed -0.365 -> Applied 0.100 | Battery SOC is below the safe minimum. Continuing to discharge risks an empty battery and forced grid import.
2026-09-25 04:55:39 - Step 454 | Zone 2 | REJECTED [SOC_LOW] | SOC 0.000 | Proposed -0.207 -> Applied 0.100 | Battery SOC is below the safe minimum. Continuing to discharge risks an empty battery and forced grid import.
2026-09-25 04:55:39 - Step 454 | Zone 4 | REJECTED [SOC_LOW] | SOC 0.000 | Proposed -0.455 -> Applied 0.100 | Battery SOC is below the safe minimum. Continuing to discharge risks an empty battery and forced grid import.
2026-09-25 04:55:39 - Step 455 | Zone 0 | REJECTED [SOC_LOW] | SOC 0.000 | Proposed -0.470 -> Applied 0.100 | Battery SOC is below the safe minimum. Continuing to discharge risks an empty battery and forced grid import.
2026-09-25 04:55:39 - Step 455 | Zone 1 | REJECTED [SOC_LOW] | SOC 0.000 | Proposed -0.467 -> Applied 0.100 | Battery SOC is below the safe minimum. Continuing to discharge risks an empty battery and forced grid import.
2026-09-25 04:55:39 - Step 455 | Zone 3 | REJECTED [SOC_LOW] | SOC 0.000 | Proposed -0.480 -> Applied 0.100 | Battery SOC is below the safe minimum. Continuing to discharge risks an empty battery and forced grid import.
2026-09-25 04:55:39 - Step 456 | Zone 2 | REJECTED [SOC_LOW] | SOC 0.000 | Proposed -0.332 -> Applied 0.100 | Battery SOC is below the safe minimum. Continuing to discharge risks an empty battery and forced grid import.
2026-09-25 04:55:39 - Step 456 | Zone 4 | REJECTED [SOC_LOW] | SOC 0.000 | Proposed -0.434 -> Applied 0.100 | Battery SOC is below the safe minimum. Continuing to discharge risks an empty battery and forced grid import.
2026-09-25 04:55:40 - Step 457 | Zone 0 | REJECTED [SOC_LOW] | SOC 0.000 | Proposed -0.452 -> Applied 0.100 | Battery SOC is below the safe minimum. Continuing to discharge risks an empty battery and forced grid import.
2026-09-25 04:55:40 - Step 457 | Zone 1 | REJECTED [SOC_LOW] | SOC 0.000 | Proposed -0.438 -> Applied 0.100 | Battery SOC is below the safe minimum. Continuing to discharge risks an empty battery and forced grid import.
2026-09-25 04:55:40 - Step 457 | Zone 3 | REJECTED [SOC_LOW] | SOC 0.000 | Proposed -0.425 -> Applied 0.100 | Battery SOC is below the safe minimum. Continuing to discharge risks an empty battery and forced grid import.
2026-09-25 04:55:40 - Step 458 | Zone 2 | REJECTED [SOC_LOW] | SOC 0.000 | Proposed -0.185 -> Applied 0.100 | Battery SOC is below the safe minimum. Continuing to discharge risks an empty battery and forced grid import.
2026-09-25 04:55:40 - Step 458 | Zone 4 | REJECTED [SOC_LOW] | SOC 0.000 | Proposed -0.067 -> Applied 0.100 | Battery SOC is below the safe minimum. Continuing to discharge risks an empty battery and forced grid import.
2026-09-25 04:55:40 - Step 459 | Zone 0 | REJECTED [SOC_LOW] | SOC 0.000 | Proposed -0.462 -> Applied 0.100 | Battery SOC is below the safe minimum. Continuing to discharge risks an empty battery and forced grid import.
2026-09-25 04:55:40 - Step 459 | Zone 1 | REJECTED [SOC_LOW] | SOC 0.000 | Proposed -0.271 -> Applied 0.100 | Battery SOC is below the safe minimum. Continuing to discharge risks an empty battery and forced grid import.
2026-09-25 04:55:40 - Step 459 | Zone 3 | REJECTED [SOC_LOW] | SOC 0.000 | Proposed -0.326 -> Applied 0.100 | Battery SOC is below the safe minimum. Continuing to discharge risks an empty battery and forced grid import.
2026-09-25 04:55:40 - Step 460 | Zone 2 | REJECTED [SOC_LOW] | SOC 0.000 | Proposed -0.063 -> Applied 0.100 | Battery SOC is below the safe minimum. Continuing to discharge risks an empty battery and forced grid import.
2026-09-25 04:55:41 - Step 461 | Zone 0 | REJECTED [SOC_LOW] | SOC 0.000 | Proposed -0.472 -> Applied 0.100 | Battery SOC is below the safe minimum. Continuing to discharge risks an empty battery and forced grid import.
2026-09-25 04:55:41 - Step 461 | Zone 1 | REJECTED [SOC_LOW] | SOC 0.000 | Proposed -0.286 -> Applied 0.100 | Battery SOC is below the safe minimum. Continuing to discharge risks an empty battery and forced grid import.
2026-09-25 04:55:41 - Step 461 | Zone 3 | REJECTED [SOC_LOW] | SOC 0.000 | Proposed -0.466 -> Applied 0.100 | Battery SOC is below the safe minimum. Continuing to discharge risks an empty battery and forced grid import.
2026-09-25 04:55:41 - Step 462 | Zone 2 | REJECTED [SOC_LOW] | SOC 0.000 | Proposed -0.495 -> Applied 0.100 | Battery SOC is below the safe minimum. Continuing to discharge risks an empty battery and forced grid import.
2026-09-25 04:55:41 - Step 463 | Zone 0 | REJECTED [SOC_LOW] | SOC 0.000 | Proposed -0.351 -> Applied 0.100 | Battery SOC is below the safe minimum. Continuing to discharge risks an empty battery and forced grid import.
2026-09-25 04:55:41 - Step 463 | Zone 1 | REJECTED [SOC_LOW] | SOC 0.000 | Proposed -0.484 -> Applied 0.100 | Battery SOC is below the safe minimum. Continuing to discharge risks an empty battery and forced grid import.
2026-09-25 04:55:41 - Step 463 | Zone 3 | REJECTED [SOC_LOW] | SOC 0.000 | Proposed -0.468 -> Applied 0.100 | Battery SOC is below the safe minimum. Continuing to discharge risks an empty battery and forced grid import.
2026-09-25 04:55:41 - Step 464 | Zone 2 | REJECTED [SOC_LOW] | SOC 0.000 | Proposed -0.486 -> Applied 0.100 | Battery SOC is below the safe minimum. Continuing to discharge risks an empty battery and forced grid import.
2026-09-25 04:55:41 - Step 464 | Zone 4 | REJECTED [SOC_LOW] | SOC 0.000 | Proposed -0.477 -> Applied 0.100 | Battery SOC is below the safe minimum. Continuing to discharge risks an empty battery and forced grid import.
2026-09-25 04:55:42 - Step 465 | Zone 0 | REJECTED [SOC_LOW] | SOC 0.000 | Proposed -0.461 -> Applied 0.100 | Battery SOC is below the safe minimum. Continuing to discharge risks an empty battery and forced grid import.
2026-09-25 04:55:42 - Step 465 | Zone 1 | REJECTED [SOC_LOW] | SOC 0.000 | Proposed -0.474 -> Applied 0.100 | Battery SOC is below the safe minimum. Continuing to discharge risks an empty battery and forced grid import.
2026-09-25 04:55:42 - Step 465 | Zone 3 | REJECTED [SOC_LOW] | SOC 0.000 | Proposed -0.357 -> Applied 0.100 | Battery SOC is below the safe minimum. Continuing to discharge risks an empty battery and forced grid import.
2026-09-25 04:55:42 - Step 466 | Zone 2 | REJECTED [SOC_LOW] | SOC 0.000 | Proposed -0.462 -> Applied 0.100 | Battery SOC is below the safe minimum. Continuing to discharge risks an empty battery and forced grid import.
2026-09-25 04:55:42 - Step 466 | Zone 4 | REJECTED [SOC_LOW] | SOC 0.000 | Proposed -0.413 -> Applied 0.100 | Battery SOC is below the safe minimum. Continuing to discharge risks an empty battery and forced grid import.
2026-09-25 04:55:42 - Step 467 | Zone 0 | REJECTED [SOC_LOW] | SOC 0.000 | Proposed -0.461 -> Applied 0.100 | Battery SOC is below the safe minimum. Continuing to discharge risks an empty battery and forced grid import.
2026-09-25 04:55:42 - Step 467 | Zone 1 | REJECTED [SOC_LOW] | SOC 0.000 | Proposed -0.491 -> Applied 0.100 | Battery SOC is below the safe minimum. Continuing to discharge risks an empty battery and forced grid import.
2026-09-25 04:55:42 - Step 467 | Zone 3 | REJECTED [SOC_LOW] | SOC 0.000 | Proposed -0.340 -> Applied 0.100 | Battery SOC is below the safe minimum. Continuing to discharge risks an empty battery and forced grid import.
2026-09-25 04:55:42 - Step 468 | Zone 2 | REJECTED [SOC_LOW] | SOC 0.000 | Proposed -0.461 -> Applied 0.100 | Battery SOC is below the safe minimum. Continuing to discharge risks an empty battery and forced grid import.
2026-09-25 04:55:42 - Step 468 | Zone 4 | REJECTED [SOC_LOW] | SOC 0.000 | Proposed -0.478 -> Applied 0.100 | Battery SOC is below the safe minimum. Continuing to discharge risks an empty battery and forced grid import.
2026-09-25 04:55:43 - Step 469 | Zone 1 | REJECTED [SOC_LOW] | SOC 0.000 | Proposed -0.491 -> Applied 0.100 | Battery SOC is below the safe minimum. Continuing to discharge risks an empty battery and forced grid import.
2026-09-25 04:55:43 - Step 469 | Zone 3 | REJECTED [SOC_LOW] | SOC 0.000 | Proposed -0.441 -> Applied 0.100 | Battery SOC is below the safe minimum. Continuing to discharge risks an empty battery and forced grid import.
2026-09-25 04:55:43 - Step 470 | Zone 2 | REJECTED [SOC_LOW] | SOC 0.000 | Proposed -0.460 -> Applied 0.100 | Battery SOC is below the safe minimum. Continuing to discharge risks an empty battery and forced grid import.
2026-09-25 04:55:43 - Step 470 | Zone 4 | REJECTED [SOC_LOW] | SOC 0.000 | Proposed -0.472 -> Applied 0.100 | Battery SOC is below the safe minimum. Continuing to discharge risks an empty battery and forced grid import.
2026-09-25 04:55:43 - Step 471 | Zone 0 | REJECTED [SOC_LOW] | SOC 0.000 | Proposed -0.120 -> Applied 0.100 | Battery SOC is below the safe minimum. Continuing to discharge risks an empty battery and forced grid import.
2026-09-25 04:55:43 - Step 471 | Zone 1 | REJECTED [SOC_LOW] | SOC 0.000 | Proposed -0.476 -> Applied 0.100 | Battery SOC is below the safe minimum. Continuing to discharge risks an empty battery and forced grid import.
2026-09-25 04:55:43 - Step 471 | Zone 3 | REJECTED [SOC_LOW] | SOC 0.000 | Proposed -0.490 -> Applied 0.100 | Battery SOC is below the safe minimum. Continuing to discharge risks an empty battery and forced grid import.
2026-09-25 04:55:43 - Step 472 | Zone 2 | REJECTED [SOC_LOW] | SOC 0.000 | Proposed -0.385 -> Applied 0.100 | Battery SOC is below the safe minimum. Continuing to discharge risks an empty battery and forced grid import.
2026-09-25 04:55:43 - Step 472 | Zone 4 | REJECTED [SOC_LOW] | SOC 0.000 | Proposed -0.466 -> Applied 0.100 | Battery SOC is below the safe minimum. Continuing to discharge risks an empty battery and forced grid import.
2026-09-25 04:55:44 - Step 473 | Zone 0 | REJECTED [SOC_LOW] | SOC 0.000 | Proposed -0.494 -> Applied 0.100 | Battery SOC is below the safe minimum. Continuing to discharge risks an empty battery and forced grid import.
2026-09-25 04:55:44 - Step 473 | Zone 1 | REJECTED [SOC_LOW] | SOC 0.000 | Proposed -0.413 -> Applied 0.100 | Battery SOC is below the safe minimum. Continuing to discharge risks an empty battery and forced grid import.
2026-09-25 04:55:44 - Step 473 | Zone 3 | REJECTED [SOC_LOW] | SOC 0.000 | Proposed -0.406 -> Applied 0.100 | Battery SOC is below the safe minimum. Continuing to discharge risks an empty battery and forced grid import.
2026-09-25 04:55:44 - Step 474 | Zone 2 | REJECTED [SOC_LOW] | SOC 0.000 | Proposed -0.460 -> Applied 0.100 | Battery SOC is below the safe minimum. Continuing to discharge risks an empty battery and forced grid import.
2026-09-25 04:55:44 - Step 474 | Zone 4 | REJECTED [SOC_LOW] | SOC 0.000 | Proposed -0.484 -> Applied 0.100 | Battery SOC is below the safe minimum. Continuing to discharge risks an empty battery and forced grid import.
2026-09-25 04:55:44 - Step 475 | Zone 0 | REJECTED [SOC_LOW] | SOC 0.000 | Proposed -0.422 -> Applied 0.100 | Battery SOC is below the safe minimum. Continuing to discharge risks an empty battery and forced grid import.
2026-09-25 04:55:44 - Step 475 | Zone 1 | REJECTED [SOC_LOW] | SOC 0.000 | Proposed -0.240 -> Applied 0.100 | Battery SOC is below the safe minimum. Continuing to discharge risks an empty battery and forced grid import.
2026-09-25 04:55:44 - Step 475 | Zone 3 | REJECTED [SOC_LOW] | SOC 0.000 | Proposed -0.485 -> Applied 0.100 | Battery SOC is below the safe minimum. Continuing to discharge risks an empty battery and forced grid import.
2026-09-25 04:55:44 - Step 476 | Zone 2 | REJECTED [SOC_LOW] | SOC 0.000 | Proposed -0.451 -> Applied 0.100 | Battery SOC is below the safe minimum. Continuing to discharge risks an empty battery and forced grid import.
2026-09-25 04:55:44 - Step 476 | Zone 4 | REJECTED [SOC_LOW] | SOC 0.000 | Proposed -0.377 -> Applied 0.100 | Battery SOC is below the safe minimum. Continuing to discharge risks an empty battery and forced grid import.
2026-09-25 04:55:45 - Step 477 | Zone 0 | REJECTED [SOC_LOW] | SOC 0.000 | Proposed -0.348 -> Applied 0.100 | Battery SOC is below the safe minimum. Continuing to discharge risks an empty battery and forced grid import.
2026-09-25 04:55:45 - Step 477 | Zone 1 | REJECTED [SOC_LOW] | SOC 0.000 | Proposed -0.275 -> Applied 0.100 | Battery SOC is below the safe minimum. Continuing to discharge risks an empty battery and forced grid import.
2026-09-25 04:55:45 - Step 477 | Zone 3 | REJECTED [SOC_LOW] | SOC 0.000 | Proposed -0.491 -> Applied 0.100 | Battery SOC is below the safe minimum. Continuing to discharge risks an empty battery and forced grid import.
2026-09-25 04:55:45 - Step 478 | Zone 2 | REJECTED [SOC_LOW] | SOC 0.000 | Proposed -0.468 -> Applied 0.100 | Battery SOC is below the safe minimum. Continuing to discharge risks an empty battery and forced grid import.
2026-09-25 04:55:45 - Step 478 | Zone 4 | REJECTED [SOC_LOW] | SOC 0.000 | Proposed -0.362 -> Applied 0.100 | Battery SOC is below the safe minimum. Continuing to discharge risks an empty battery and forced grid import.
2026-09-25 04:55:45 - Step 479 | Zone 0 | REJECTED [SOC_LOW] | SOC 0.000 | Proposed -0.465 -> Applied 0.100 | Battery SOC is below the safe minimum. Continuing to discharge risks an empty battery and forced grid import.
2026-09-25 04:55:45 - Step 479 | Zone 1 | REJECTED [SOC_LOW] | SOC 0.000 | Proposed -0.119 -> Applied 0.100 | Battery SOC is below the safe minimum. Continuing to discharge risks an empty battery and forced grid import.
2026-09-25 04:55:45 - Step 479 | Zone 3 | REJECTED [SOC_LOW] | SOC 0.000 | Proposed -0.471 -> Applied 0.100 | Battery SOC is below the safe minimum. Continuing to discharge risks an empty battery and forced grid import.
2026-09-25 04:55:45 - Step 480 | Zone 2 | REJECTED [SOC_LOW] | SOC 0.000 | Proposed -0.319 -> Applied 0.100 | Battery SOC is below the safe minimum. Continuing to discharge risks an empty battery and forced grid import.
2026-09-25 04:55:45 - Step 480 | Zone 4 | REJECTED [SOC_LOW] | SOC 0.000 | Proposed -0.420 -> Applied 0.100 | Battery SOC is below the safe minimum. Continuing to discharge risks an empty battery and forced grid import.
2026-09-25 04:55:46 - Step 481 | Zone 1 | REJECTED [SOC_LOW] | SOC 0.000 | Proposed -0.447 -> Applied 0.100 | Battery SOC is below the safe minimum. Continuing to discharge risks an empty battery and forced grid import.
2026-09-25 04:55:46 - Step 481 | Zone 3 | REJECTED [SOC_LOW] | SOC 0.000 | Proposed -0.432 -> Applied 0.100 | Battery SOC is below the safe minimum. Continuing to discharge risks an empty battery and forced grid import.
2026-09-25 04:55:46 - Step 482 | Zone 2 | REJECTED [SOC_LOW] | SOC 0.000 | Proposed 0.019 -> Applied 0.100 | Battery SOC is below the safe minimum. Continuing to discharge risks an empty battery and forced grid import.
2026-09-25 04:55:46 - Step 482 | Zone 4 | REJECTED [SOC_LOW] | SOC 0.000 | Proposed -0.188 -> Applied 0.100 | Battery SOC is below the safe minimum. Continuing to discharge risks an empty battery and forced grid import.
2026-09-25 04:55:46 - Step 483 | Zone 1 | REJECTED [SOC_LOW] | SOC 0.000 | Proposed -0.421 -> Applied 0.100 | Battery SOC is below the safe minimum. Continuing to discharge risks an empty battery and forced grid import.
2026-09-25 04:55:46 - Step 483 | Zone 3 | REJECTED [SOC_LOW] | SOC 0.000 | Proposed -0.358 -> Applied 0.100 | Battery SOC is below the safe minimum. Continuing to discharge risks an empty battery and forced grid import.
2026-09-25 04:55:46 - Step 484 | Zone 2 | REJECTED [SOC_LOW] | SOC 0.000 | Proposed -0.015 -> Applied 0.100 | Battery SOC is below the safe minimum. Continuing to discharge risks an empty battery and forced grid import.
2026-09-25 04:55:46 - Step 484 | Zone 4 | REJECTED [SOC_LOW] | SOC 0.000 | Proposed -0.461 -> Applied 0.100 | Battery SOC is below the safe minimum. Continuing to discharge risks an empty battery and forced grid import.
2026-09-25 04:55:46 - Step 485 | Zone 1 | REJECTED [SOC_LOW] | SOC 0.000 | Proposed -0.401 -> Applied 0.100 | Battery SOC is below the safe minimum. Continuing to discharge risks an empty battery and forced grid import.
2026-09-25 04:55:47 - Step 486 | Zone 2 | REJECTED [SOC_LOW] | SOC 0.000 | Proposed -0.371 -> Applied 0.100 | Battery SOC is below the safe minimum. Continuing to discharge risks an empty battery and forced grid import.
2026-09-25 04:55:47 - Step 486 | Zone 3 | REJECTED [SOC_LOW] | SOC 0.000 | Proposed -0.442 -> Applied 0.100 | Battery SOC is below the safe minimum. Continuing to discharge risks an empty battery and forced grid import.
2026-09-25 04:55:47 - Step 486 | Zone 4 | REJECTED [SOC_LOW] | SOC 0.000 | Proposed -0.375 -> Applied 0.100 | Battery SOC is below the safe minimum. Continuing to discharge risks an empty battery and forced grid import.
2026-09-25 04:55:47 - Step 487 | Zone 1 | REJECTED [SOC_LOW] | SOC 0.000 | Proposed -0.459 -> Applied 0.100 | Battery SOC is below the safe minimum. Continuing to discharge risks an empty battery and forced grid import.
2026-09-25 04:55:47 - Step 488 | Zone 3 | REJECTED [SOC_LOW] | SOC 0.000 | Proposed -0.071 -> Applied 0.100 | Battery SOC is below the safe minimum. Continuing to discharge risks an empty battery and forced grid import.
2026-09-25 04:55:47 - Step 488 | Zone 4 | REJECTED [SOC_LOW] | SOC 0.000 | Proposed -0.214 -> Applied 0.100 | Battery SOC is below the safe minimum. Continuing to discharge risks an empty battery and forced grid import.
2026-09-25 04:55:47 - Step 489 | Zone 1 | REJECTED [SOC_LOW] | SOC 0.000 | Proposed -0.463 -> Applied 0.100 | Battery SOC is below the safe minimum. Continuing to discharge risks an empty battery and forced grid import.
2026-09-25 04:55:47 - Step 489 | Zone 2 | REJECTED [SOC_LOW] | SOC 0.000 | Proposed -0.352 -> Applied 0.100 | Battery SOC is below the safe minimum. Continuing to discharge risks an empty battery and forced grid import.
2026-09-25 04:55:48 - Step 490 | Zone 0 | REJECTED [SOC_LOW] | SOC 0.000 | Proposed -0.479 -> Applied 0.100 | Battery SOC is below the safe minimum. Continuing to discharge risks an empty battery and forced grid import.
2026-09-25 04:55:48 - Step 490 | Zone 3 | REJECTED [SOC_LOW] | SOC 0.000 | Proposed -0.444 -> Applied 0.100 | Battery SOC is below the safe minimum. Continuing to discharge risks an empty battery and forced grid import.
2026-09-25 04:55:48 - Step 490 | Zone 4 | REJECTED [SOC_LOW] | SOC 0.000 | Proposed -0.487 -> Applied 0.100 | Battery SOC is below the safe minimum. Continuing to discharge risks an empty battery and forced grid import.
2026-09-25 04:55:48 - Step 491 | Zone 1 | REJECTED [SOC_LOW] | SOC 0.000 | Proposed -0.488 -> Applied 0.100 | Battery SOC is below the safe minimum. Continuing to discharge risks an empty battery and forced grid import.
2026-09-25 04:55:48 - Step 491 | Zone 2 | REJECTED [SOC_LOW] | SOC 0.000 | Proposed -0.422 -> Applied 0.100 | Battery SOC is below the safe minimum. Continuing to discharge risks an empty battery and forced grid import.
2026-09-25 04:55:48 - Step 492 | Zone 0 | REJECTED [SOC_LOW] | SOC 0.000 | Proposed -0.481 -> Applied 0.100 | Battery SOC is below the safe minimum. Continuing to discharge risks an empty battery and forced grid import.
2026-09-25 04:55:48 - Step 492 | Zone 3 | REJECTED [SOC_LOW] | SOC 0.000 | Proposed -0.486 -> Applied 0.100 | Battery SOC is below the safe minimum. Continuing to discharge risks an empty battery and forced grid import.
2026-09-25 04:55:48 - Step 492 | Zone 4 | REJECTED [SOC_LOW] | SOC 0.000 | Proposed -0.418 -> Applied 0.100 | Battery SOC is below the safe minimum. Continuing to discharge risks an empty battery and forced grid import.
2026-09-25 04:55:48 - Step 493 | Zone 1 | REJECTED [SOC_LOW] | SOC 0.000 | Proposed -0.494 -> Applied 0.100 | Battery SOC is below the safe minimum. Continuing to discharge risks an empty battery and forced grid import.
2026-09-25 04:55:48 - Step 493 | Zone 2 | REJECTED [SOC_LOW] | SOC 0.000 | Proposed -0.451 -> Applied 0.100 | Battery SOC is below the safe minimum. Continuing to discharge risks an empty battery and forced grid import.
2026-09-25 04:55:49 - Step 494 | Zone 0 | REJECTED [SOC_LOW] | SOC 0.000 | Proposed -0.480 -> Applied 0.100 | Battery SOC is below the safe minimum. Continuing to discharge risks an empty battery and forced grid import.
2026-09-25 04:55:49 - Step 494 | Zone 3 | REJECTED [SOC_LOW] | SOC 0.000 | Proposed -0.495 -> Applied 0.100 | Battery SOC is below the safe minimum. Continuing to discharge risks an empty battery and forced grid import.
2026-09-25 04:55:49 - Step 494 | Zone 4 | REJECTED [SOC_LOW] | SOC 0.000 | Proposed -0.342 -> Applied 0.100 | Battery SOC is below the safe minimum. Continuing to discharge risks an empty battery and forced grid import.
2026-09-25 04:55:49 - Step 495 | Zone 1 | REJECTED [SOC_LOW] | SOC 0.000 | Proposed -0.462 -> Applied 0.100 | Battery SOC is below the safe minimum. Continuing to discharge risks an empty battery and forced grid import.
2026-09-25 04:55:49 - Step 495 | Zone 2 | REJECTED [SOC_LOW] | SOC 0.000 | Proposed -0.493 -> Applied 0.100 | Battery SOC is below the safe minimum. Continuing to discharge risks an empty battery and forced grid import.
2026-09-25 04:55:49 - Step 496 | Zone 0 | REJECTED [SOC_LOW] | SOC 0.000 | Proposed -0.465 -> Applied 0.100 | Battery SOC is below the safe minimum. Continuing to discharge risks an empty battery and forced grid import.
2026-09-25 04:55:49 - Step 496 | Zone 3 | REJECTED [SOC_LOW] | SOC 0.000 | Proposed -0.496 -> Applied 0.100 | Battery SOC is below the safe minimum. Continuing to discharge risks an empty battery and forced grid import.
2026-09-25 04:55:49 - Step 496 | Zone 4 | REJECTED [SOC_LOW] | SOC 0.000 | Proposed -0.435 -> Applied 0.100 | Battery SOC is below the safe minimum. Continuing to discharge risks an empty battery and forced grid import.
2026-09-25 04:55:49 - Step 497 | Zone 1 | REJECTED [SOC_LOW] | SOC 0.000 | Proposed -0.325 -> Applied 0.100 | Battery SOC is below the safe minimum. Continuing to discharge risks an empty battery and forced grid import.
2026-09-25 04:55:49 - Step 497 | Zone 2 | REJECTED [SOC_LOW] | SOC 0.000 | Proposed -0.438 -> Applied 0.100 | Battery SOC is below the safe minimum. Continuing to discharge risks an empty battery and forced grid import.
2026-09-25 04:55:49 - Step 498 | Zone 0 | REJECTED [SOC_LOW] | SOC 0.000 | Proposed -0.451 -> Applied 0.100 | Battery SOC is below the safe minimum. Continuing to discharge risks an empty battery and forced grid import.
2026-09-25 04:55:49 - Step 498 | Zone 3 | REJECTED [SOC_LOW] | SOC 0.000 | Proposed -0.448 -> Applied 0.100 | Battery SOC is below the safe minimum. Continuing to discharge risks an empty battery and forced grid import.
2026-09-25 04:55:49 - Step 498 | Zone 4 | REJECTED [SOC_LOW] | SOC 0.000 | Proposed -0.422 -> Applied 0.100 | Battery SOC is below the safe minimum. Continuing to discharge risks an empty battery and forced grid import.
2026-09-25 04:55:50 - Step 499 | Zone 1 | REJECTED [SOC_LOW] | SOC 0.000 | Proposed -0.251 -> Applied 0.100 | Battery SOC is below the safe minimum. Continuing to discharge risks an empty battery and forced grid import.
2026-09-25 04:55:50 - Step 499 | Zone 2 | REJECTED [SOC_LOW] | SOC 0.000 | Proposed -0.497 -> Applied 0.100 | Battery SOC is below the safe minimum. Continuing to discharge risks an empty battery and forced grid import.
2026-09-25 04:55:50 - Step 500 | Zone 0 | REJECTED [SOC_LOW] | SOC 0.000 | Proposed -0.491 -> Applied 0.100 | Battery SOC is below the safe minimum. Continuing to discharge risks an empty battery and forced grid import.
2026-09-25 04:55:50 - Step 500 | Zone 3 | REJECTED [SOC_LOW] | SOC 0.000 | Proposed -0.450 -> Applied 0.100 | Battery SOC is below the safe minimum. Continuing to discharge risks an empty battery and forced grid import.
2026-09-25 04:55:50 - Step 500 | Zone 4 | REJECTED [SOC_LOW] | SOC 0.000 | Proposed 0.073 -> Applied 0.100 | Battery SOC is below the safe minimum. Continuing to discharge risks an empty battery and forced grid import.
2026-09-25 04:55:50 - Step 501 | Zone 1 | REJECTED [SOC_LOW] | SOC 0.000 | Proposed -0.471 -> Applied 0.100 | Battery SOC is below the safe minimum. Continuing to discharge risks an empty battery and forced grid import.
2026-09-25 04:55:50 - Step 501 | Zone 2 | REJECTED [SOC_LOW] | SOC 0.000 | Proposed -0.492 -> Applied 0.100 | Battery SOC is below the safe minimum. Continuing to discharge risks an empty battery and forced grid import.
2026-09-25 04:55:51 - Step 502 | Zone 0 | REJECTED [SOC_LOW] | SOC 0.000 | Proposed -0.494 -> Applied 0.100 | Battery SOC is below the safe minimum. Continuing to discharge risks an empty battery and forced grid import.
2026-09-25 04:55:51 - Step 502 | Zone 3 | REJECTED [SOC_LOW] | SOC 0.000 | Proposed -0.464 -> Applied 0.100 | Battery SOC is below the safe minimum. Continuing to discharge risks an empty battery and forced grid import.
2026-09-25 04:55:51 - Step 502 | Zone 4 | REJECTED [SOC_LOW] | SOC 0.018 | Proposed -0.220 -> Applied 0.100 | Battery SOC is below the safe minimum. Continuing to discharge risks an empty battery and forced grid import.
2026-09-25 04:55:51 - Step 503 | Zone 1 | REJECTED [SOC_LOW] | SOC 0.000 | Proposed -0.436 -> Applied 0.100 | Battery SOC is below the safe minimum. Continuing to discharge risks an empty battery and forced grid import.
2026-09-25 04:55:51 - Step 503 | Zone 2 | REJECTED [SOC_LOW] | SOC 0.000 | Proposed -0.464 -> Applied 0.100 | Battery SOC is below the safe minimum. Continuing to discharge risks an empty battery and forced grid import.
2026-09-25 04:55:51 - Step 504 | Zone 0 | REJECTED [SOC_LOW] | SOC 0.000 | Proposed -0.381 -> Applied 0.100 | Battery SOC is below the safe minimum. Continuing to discharge risks an empty battery and forced grid import.
2026-09-25 04:55:51 - Step 504 | Zone 3 | REJECTED [SOC_LOW] | SOC 0.000 | Proposed -0.424 -> Applied 0.100 | Battery SOC is below the safe minimum. Continuing to discharge risks an empty battery and forced grid import.
2026-09-25 04:55:51 - Step 504 | Zone 4 | REJECTED [SOC_LOW] | SOC 0.000 | Proposed -0.432 -> Applied 0.100 | Battery SOC is below the safe minimum. Continuing to discharge risks an empty battery and forced grid import.
2026-09-25 04:55:51 - Step 505 | Zone 1 | REJECTED [SOC_LOW] | SOC 0.000 | Proposed -0.355 -> Applied 0.100 | Battery SOC is below the safe minimum. Continuing to discharge risks an empty battery and forced grid import.
2026-09-25 04:55:51 - Step 505 | Zone 2 | REJECTED [SOC_LOW] | SOC 0.000 | Proposed -0.223 -> Applied 0.100 | Battery SOC is below the safe minimum. Continuing to discharge risks an empty battery and forced grid import.
2026-09-25 04:55:51 - Step 506 | Zone 0 | REJECTED [SOC_LOW] | SOC 0.000 | Proposed -0.266 -> Applied 0.100 | Battery SOC is below the safe minimum. Continuing to discharge risks an empty battery and forced grid import.
2026-09-25 04:55:51 - Step 506 | Zone 3 | REJECTED [SOC_LOW] | SOC 0.000 | Proposed -0.478 -> Applied 0.100 | Battery SOC is below the safe minimum. Continuing to discharge risks an empty battery and forced grid import.
2026-09-25 04:55:51 - Step 506 | Zone 4 | REJECTED [SOC_LOW] | SOC 0.000 | Proposed -0.040 -> Applied 0.100 | Battery SOC is below the safe minimum. Continuing to discharge risks an empty battery and forced grid import.
2026-09-25 04:55:52 - Step 507 | Zone 1 | REJECTED [SOC_LOW] | SOC 0.000 | Proposed -0.162 -> Applied 0.100 | Battery SOC is below the safe minimum. Continuing to discharge risks an empty battery and forced grid import.
2026-09-25 04:55:52 - Step 507 | Zone 2 | REJECTED [SOC_LOW] | SOC 0.000 | Proposed -0.133 -> Applied 0.100 | Battery SOC is below the safe minimum. Continuing to discharge risks an empty battery and forced grid import.
2026-09-25 04:55:52 - Step 508 | Zone 3 | REJECTED [SOC_LOW] | SOC 0.000 | Proposed -0.423 -> Applied 0.100 | Battery SOC is below the safe minimum. Continuing to discharge risks an empty battery and forced grid import.
2026-09-25 04:55:52 - Step 509 | Zone 1 | REJECTED [SOC_LOW] | SOC 0.000 | Proposed -0.128 -> Applied 0.100 | Battery SOC is below the safe minimum. Continuing to discharge risks an empty battery and forced grid import.
2026-09-25 04:55:52 - Step 509 | Zone 2 | REJECTED [SOC_LOW] | SOC 0.042 | Proposed -0.346 -> Applied 0.100 | Battery SOC is below the safe minimum. Continuing to discharge risks an empty battery and forced grid import.
2026-09-25 04:55:52 - Step 510 | Zone 3 | REJECTED [SOC_LOW] | SOC 0.000 | Proposed -0.448 -> Applied 0.100 | Battery SOC is below the safe minimum. Continuing to discharge risks an empty battery and forced grid import.
2026-09-25 04:55:53 - Step 511 | Zone 1 | REJECTED [SOC_LOW] | SOC 0.000 | Proposed -0.403 -> Applied 0.100 | Battery SOC is below the safe minimum. Continuing to discharge risks an empty battery and forced grid import.
2026-09-25 04:55:53 - Step 511 | Zone 2 | REJECTED [SOC_LOW] | SOC 0.000 | Proposed -0.429 -> Applied 0.100 | Battery SOC is below the safe minimum. Continuing to discharge risks an empty battery and forced grid import.
2026-09-25 04:55:53 - Step 512 | Zone 3 | REJECTED [SOC_LOW] | SOC 0.000 | Proposed -0.485 -> Applied 0.100 | Battery SOC is below the safe minimum. Continuing to discharge risks an empty battery and forced grid import.
2026-09-25 04:55:53 - Step 512 | Zone 4 | REJECTED [SOC_LOW] | SOC 0.000 | Proposed -0.491 -> Applied 0.100 | Battery SOC is below the safe minimum. Continuing to discharge risks an empty battery and forced grid import.
2026-09-25 04:55:53 - Step 513 | Zone 0 | REJECTED [SOC_LOW] | SOC 0.000 | Proposed -0.432 -> Applied 0.100 | Battery SOC is below the safe minimum. Continuing to discharge risks an empty battery and forced grid import.
2026-09-25 04:55:53 - Step 513 | Zone 1 | REJECTED [SOC_LOW] | SOC 0.000 | Proposed -0.477 -> Applied 0.100 | Battery SOC is below the safe minimum. Continuing to discharge risks an empty battery and forced grid import.
2026-09-25 04:55:53 - Step 513 | Zone 2 | REJECTED [SOC_LOW] | SOC 0.000 | Proposed -0.445 -> Applied 0.100 | Battery SOC is below the safe minimum. Continuing to discharge risks an empty battery and forced grid import.
2026-09-25 04:55:53 - Step 514 | Zone 3 | REJECTED [SOC_LOW] | SOC 0.000 | Proposed -0.452 -> Applied 0.100 | Battery SOC is below the safe minimum. Continuing to discharge risks an empty battery and forced grid import.
2026-09-25 04:55:53 - Step 514 | Zone 4 | REJECTED [SOC_LOW] | SOC 0.000 | Proposed -0.445 -> Applied 0.100 | Battery SOC is below the safe minimum. Continuing to discharge risks an empty battery and forced grid import.
2026-09-25 04:55:54 - Step 515 | Zone 0 | REJECTED [SOC_LOW] | SOC 0.000 | Proposed -0.452 -> Applied 0.100 | Battery SOC is below the safe minimum. Continuing to discharge risks an empty battery and forced grid import.
2026-09-25 04:55:54 - Step 515 | Zone 2 | REJECTED [SOC_LOW] | SOC 0.000 | Proposed -0.455 -> Applied 0.100 | Battery SOC is below the safe minimum. Continuing to discharge risks an empty battery and forced grid import.
2026-09-25 04:55:54 - Step 516 | Zone 1 | REJECTED [SOC_LOW] | SOC 0.000 | Proposed -0.473 -> Applied 0.100 | Battery SOC is below the safe minimum. Continuing to discharge risks an empty battery and forced grid import.
2026-09-25 04:55:54 - Step 516 | Zone 3 | REJECTED [SOC_LOW] | SOC 0.000 | Proposed -0.464 -> Applied 0.100 | Battery SOC is below the safe minimum. Continuing to discharge risks an empty battery and forced grid import.
2026-09-25 04:55:54 - Step 516 | Zone 4 | REJECTED [SOC_LOW] | SOC 0.000 | Proposed -0.481 -> Applied 0.100 | Battery SOC is below the safe minimum. Continuing to discharge risks an empty battery and forced grid import.
2026-09-25 04:55:54 - Step 517 | Zone 0 | REJECTED [SOC_LOW] | SOC 0.000 | Proposed -0.460 -> Applied 0.100 | Battery SOC is below the safe minimum. Continuing to discharge risks an empty battery and forced grid import.
2026-09-25 04:55:54 - Step 517 | Zone 2 | REJECTED [SOC_LOW] | SOC 0.000 | Proposed -0.490 -> Applied 0.100 | Battery SOC is below the safe minimum. Continuing to discharge risks an empty battery and forced grid import.
2026-09-25 04:55:54 - Step 518 | Zone 1 | REJECTED [SOC_LOW] | SOC 0.000 | Proposed -0.448 -> Applied 0.100 | Battery SOC is below the safe minimum. Continuing to discharge risks an empty battery and forced grid import.
2026-09-25 04:55:54 - Step 518 | Zone 3 | REJECTED [SOC_LOW] | SOC 0.000 | Proposed -0.448 -> Applied 0.100 | Battery SOC is below the safe minimum. Continuing to discharge risks an empty battery and forced grid import.
2026-09-25 04:55:54 - Step 518 | Zone 4 | REJECTED [SOC_LOW] | SOC 0.000 | Proposed -0.362 -> Applied 0.100 | Battery SOC is below the safe minimum. Continuing to discharge risks an empty battery and forced grid import.
2026-09-25 04:55:55 - Step 519 | Zone 0 | REJECTED [SOC_LOW] | SOC 0.000 | Proposed -0.468 -> Applied 0.100 | Battery SOC is below the safe minimum. Continuing to discharge risks an empty battery and forced grid import.
2026-09-25 04:55:55 - Step 519 | Zone 2 | REJECTED [SOC_LOW] | SOC 0.000 | Proposed -0.486 -> Applied 0.100 | Battery SOC is below the safe minimum. Continuing to discharge risks an empty battery and forced grid import.
2026-09-25 04:55:55 - Step 520 | Zone 1 | REJECTED [SOC_LOW] | SOC 0.000 | Proposed -0.488 -> Applied 0.100 | Battery SOC is below the safe minimum. Continuing to discharge risks an empty battery and forced grid import.
2026-09-25 04:55:55 - Step 520 | Zone 3 | REJECTED [SOC_LOW] | SOC 0.000 | Proposed -0.485 -> Applied 0.100 | Battery SOC is below the safe minimum. Continuing to discharge risks an empty battery and forced grid import.
2026-09-25 04:55:55 - Step 520 | Zone 4 | REJECTED [SOC_LOW] | SOC 0.000 | Proposed -0.430 -> Applied 0.100 | Battery SOC is below the safe minimum. Continuing to discharge risks an empty battery and forced grid import.
2026-09-25 04:55:55 - Step 521 | Zone 0 | REJECTED [SOC_LOW] | SOC 0.000 | Proposed -0.304 -> Applied 0.100 | Battery SOC is below the safe minimum. Continuing to discharge risks an empty battery and forced grid import.
2026-09-25 04:55:55 - Step 521 | Zone 2 | REJECTED [SOC_LOW] | SOC 0.000 | Proposed -0.426 -> Applied 0.100 | Battery SOC is below the safe minimum. Continuing to discharge risks an empty battery and forced grid import.
2026-09-25 04:55:55 - Step 522 | Zone 1 | REJECTED [SOC_LOW] | SOC 0.000 | Proposed -0.453 -> Applied 0.100 | Battery SOC is below the safe minimum. Continuing to discharge risks an empty battery and forced grid import.
2026-09-25 04:55:55 - Step 522 | Zone 3 | REJECTED [SOC_LOW] | SOC 0.000 | Proposed -0.465 -> Applied 0.100 | Battery SOC is below the safe minimum. Continuing to discharge risks an empty battery and forced grid import.
2026-09-25 04:55:55 - Step 522 | Zone 4 | REJECTED [SOC_LOW] | SOC 0.000 | Proposed -0.478 -> Applied 0.100 | Battery SOC is below the safe minimum. Continuing to discharge risks an empty battery and forced grid import.
2026-09-25 04:55:55 - Step 523 | Zone 0 | REJECTED [SOC_LOW] | SOC 0.000 | Proposed -0.318 -> Applied 0.100 | Battery SOC is below the safe minimum. Continuing to discharge risks an empty battery and forced grid import.
2026-09-25 04:55:55 - Step 523 | Zone 2 | REJECTED [SOC_LOW] | SOC 0.000 | Proposed -0.474 -> Applied 0.100 | Battery SOC is below the safe minimum. Continuing to discharge risks an empty battery and forced grid import.
2026-09-25 04:55:56 - Step 524 | Zone 1 | REJECTED [SOC_LOW] | SOC 0.000 | Proposed -0.454 -> Applied 0.100 | Battery SOC is below the safe minimum. Continuing to discharge risks an empty battery and forced grid import.
2026-09-25 04:55:56 - Step 524 | Zone 3 | REJECTED [SOC_LOW] | SOC 0.000 | Proposed -0.400 -> Applied 0.100 | Battery SOC is below the safe minimum. Continuing to discharge risks an empty battery and forced grid import.
2026-09-25 04:55:56 - Step 524 | Zone 4 | REJECTED [SOC_LOW] | SOC 0.000 | Proposed -0.285 -> Applied 0.100 | Battery SOC is below the safe minimum. Continuing to discharge risks an empty battery and forced grid import.
2026-09-25 04:55:56 - Step 525 | Zone 0 | REJECTED [SOC_LOW] | SOC 0.000 | Proposed -0.436 -> Applied 0.100 | Battery SOC is below the safe minimum. Continuing to discharge risks an empty battery and forced grid import.
2026-09-25 04:55:56 - Step 525 | Zone 2 | REJECTED [SOC_LOW] | SOC 0.000 | Proposed -0.437 -> Applied 0.100 | Battery SOC is below the safe minimum. Continuing to discharge risks an empty battery and forced grid import.
2026-09-25 04:55:56 - Step 526 | Zone 1 | REJECTED [SOC_LOW] | SOC 0.000 | Proposed -0.416 -> Applied 0.100 | Battery SOC is below the safe minimum. Continuing to discharge risks an empty battery and forced grid import.
2026-09-25 04:55:56 - Step 526 | Zone 3 | REJECTED [SOC_LOW] | SOC 0.000 | Proposed -0.457 -> Applied 0.100 | Battery SOC is below the safe minimum. Continuing to discharge risks an empty battery and forced grid import.
2026-09-25 04:55:56 - Step 526 | Zone 4 | REJECTED [SOC_LOW] | SOC 0.000 | Proposed -0.430 -> Applied 0.100 | Battery SOC is below the safe minimum. Continuing to discharge risks an empty battery and forced grid import.
2026-09-25 04:55:57 - Step 527 | Zone 0 | REJECTED [SOC_LOW] | SOC 0.000 | Proposed -0.216 -> Applied 0.100 | Battery SOC is below the safe minimum. Continuing to discharge risks an empty battery and forced grid import.
2026-09-25 04:55:57 - Step 527 | Zone 2 | REJECTED [SOC_LOW] | SOC 0.000 | Proposed -0.404 -> Applied 0.100 | Battery SOC is below the safe minimum. Continuing to discharge risks an empty battery and forced grid import.
2026-09-25 04:55:57 - Step 528 | Zone 1 | REJECTED [SOC_LOW] | SOC 0.000 | Proposed -0.118 -> Applied 0.100 | Battery SOC is below the safe minimum. Continuing to discharge risks an empty battery and forced grid import.
2026-09-25 04:55:57 - Step 528 | Zone 3 | REJECTED [SOC_LOW] | SOC 0.000 | Proposed -0.446 -> Applied 0.100 | Battery SOC is below the safe minimum. Continuing to discharge risks an empty battery and forced grid import.
2026-09-25 04:55:57 - Step 528 | Zone 4 | REJECTED [SOC_LOW] | SOC 0.000 | Proposed -0.461 -> Applied 0.100 | Battery SOC is below the safe minimum. Continuing to discharge risks an empty battery and forced grid import.
2026-09-25 04:55:57 - Step 529 | Zone 0 | REJECTED [SOC_LOW] | SOC 0.000 | Proposed -0.423 -> Applied 0.100 | Battery SOC is below the safe minimum. Continuing to discharge risks an empty battery and forced grid import.
2026-09-25 04:55:57 - Step 529 | Zone 2 | REJECTED [SOC_LOW] | SOC 0.000 | Proposed -0.139 -> Applied 0.100 | Battery SOC is below the safe minimum. Continuing to discharge risks an empty battery and forced grid import.
2026-09-25 04:55:57 - Step 530 | Zone 1 | REJECTED [SOC_LOW] | SOC 0.000 | Proposed -0.463 -> Applied 0.100 | Battery SOC is below the safe minimum. Continuing to discharge risks an empty battery and forced grid import.
2026-09-25 04:55:57 - Step 531 | Zone 0 | REJECTED [SOC_LOW] | SOC 0.000 | Proposed -0.131 -> Applied 0.100 | Battery SOC is below the safe minimum. Continuing to discharge risks an empty battery and forced grid import.
2026-09-25 04:55:57 - Step 531 | Zone 2 | REJECTED [SOC_LOW] | SOC 0.000 | Proposed -0.438 -> Applied 0.100 | Battery SOC is below the safe minimum. Continuing to discharge risks an empty battery and forced grid import.
2026-09-25 04:55:58 - Step 532 | Zone 1 | REJECTED [SOC_LOW] | SOC 0.000 | Proposed -0.449 -> Applied 0.100 | Battery SOC is below the safe minimum. Continuing to discharge risks an empty battery and forced grid import.
2026-09-25 04:55:58 - Step 534 | Zone 1 | REJECTED [SOC_LOW] | SOC 0.000 | Proposed -0.431 -> Applied 0.100 | Battery SOC is below the safe minimum. Continuing to discharge risks an empty battery and forced grid import.
2026-09-25 04:55:58 - Step 535 | Zone 0 | REJECTED [SOC_LOW] | SOC 0.000 | Proposed -0.365 -> Applied 0.100 | Battery SOC is below the safe minimum. Continuing to discharge risks an empty battery and forced grid import.
2026-09-25 04:55:59 - Step 536 | Zone 1 | REJECTED [SOC_LOW] | SOC 0.000 | Proposed -0.315 -> Applied 0.100 | Battery SOC is below the safe minimum. Continuing to discharge risks an empty battery and forced grid import.
2026-09-25 04:55:59 - Step 536 | Zone 3 | REJECTED [SOC_LOW] | SOC 0.000 | Proposed -0.147 -> Applied 0.100 | Battery SOC is below the safe minimum. Continuing to discharge risks an empty battery and forced grid import.
2026-09-25 04:55:59 - Step 537 | Zone 0 | REJECTED [SOC_LOW] | SOC 0.000 | Proposed -0.334 -> Applied 0.100 | Battery SOC is below the safe minimum. Continuing to discharge risks an empty battery and forced grid import.
2026-09-25 04:55:59 - Step 537 | Zone 2 | REJECTED [SOC_LOW] | SOC 0.000 | Proposed -0.360 -> Applied 0.100 | Battery SOC is below the safe minimum. Continuing to discharge risks an empty battery and forced grid import.
2026-09-25 04:55:59 - Step 538 | Zone 1 | REJECTED [SOC_LOW] | SOC 0.000 | Proposed -0.445 -> Applied 0.100 | Battery SOC is below the safe minimum. Continuing to discharge risks an empty battery and forced grid import.
2026-09-25 04:55:59 - Step 538 | Zone 3 | REJECTED [SOC_LOW] | SOC 0.000 | Proposed -0.363 -> Applied 0.100 | Battery SOC is below the safe minimum. Continuing to discharge risks an empty battery and forced grid import.
2026-09-25 04:55:59 - Step 538 | Zone 4 | REJECTED [SOC_LOW] | SOC 0.000 | Proposed -0.317 -> Applied 0.100 | Battery SOC is below the safe minimum. Continuing to discharge risks an empty battery and forced grid import.
2026-09-25 04:55:59 - Step 539 | Zone 0 | REJECTED [SOC_LOW] | SOC 0.000 | Proposed -0.481 -> Applied 0.100 | Battery SOC is below the safe minimum. Continuing to discharge risks an empty battery and forced grid import.
2026-09-25 04:55:59 - Step 539 | Zone 2 | REJECTED [SOC_LOW] | SOC 0.000 | Proposed -0.443 -> Applied 0.100 | Battery SOC is below the safe minimum. Continuing to discharge risks an empty battery and forced grid import.
2026-09-25 04:56:00 - Step 540 | Zone 1 | REJECTED [SOC_LOW] | SOC 0.000 | Proposed -0.380 -> Applied 0.100 | Battery SOC is below the safe minimum. Continuing to discharge risks an empty battery and forced grid import.
2026-09-25 04:56:00 - Step 540 | Zone 3 | REJECTED [SOC_LOW] | SOC 0.000 | Proposed -0.467 -> Applied 0.100 | Battery SOC is below the safe minimum. Continuing to discharge risks an empty battery and forced grid import.
2026-09-25 04:56:00 - Step 540 | Zone 4 | REJECTED [SOC_LOW] | SOC 0.000 | Proposed -0.326 -> Applied 0.100 | Battery SOC is below the safe minimum. Continuing to discharge risks an empty battery and forced grid import.
2026-09-25 04:56:00 - Step 541 | Zone 0 | REJECTED [SOC_LOW] | SOC 0.000 | Proposed -0.489 -> Applied 0.100 | Battery SOC is below the safe minimum. Continuing to discharge risks an empty battery and forced grid import.
2026-09-25 04:56:00 - Step 541 | Zone 2 | REJECTED [SOC_LOW] | SOC 0.000 | Proposed -0.449 -> Applied 0.100 | Battery SOC is below the safe minimum. Continuing to discharge risks an empty battery and forced grid import.
2026-09-25 04:56:00 - Step 542 | Zone 1 | REJECTED [SOC_LOW] | SOC 0.000 | Proposed -0.468 -> Applied 0.100 | Battery SOC is below the safe minimum. Continuing to discharge risks an empty battery and forced grid import.
2026-09-25 04:56:00 - Step 542 | Zone 3 | REJECTED [SOC_LOW] | SOC 0.000 | Proposed -0.472 -> Applied 0.100 | Battery SOC is below the safe minimum. Continuing to discharge risks an empty battery and forced grid import.
2026-09-25 04:56:00 - Step 542 | Zone 4 | REJECTED [SOC_LOW] | SOC 0.000 | Proposed -0.188 -> Applied 0.100 | Battery SOC is below the safe minimum. Continuing to discharge risks an empty battery and forced grid import.
2026-09-25 04:56:00 - Step 543 | Zone 0 | REJECTED [SOC_LOW] | SOC 0.000 | Proposed -0.487 -> Applied 0.100 | Battery SOC is below the safe minimum. Continuing to discharge risks an empty battery and forced grid import.
2026-09-25 04:56:00 - Step 543 | Zone 2 | REJECTED [SOC_LOW] | SOC 0.000 | Proposed -0.461 -> Applied 0.100 | Battery SOC is below the safe minimum. Continuing to discharge risks an empty battery and forced grid import.
2026-09-25 04:56:00 - Step 544 | Zone 1 | REJECTED [SOC_LOW] | SOC 0.000 | Proposed -0.492 -> Applied 0.100 | Battery SOC is below the safe minimum. Continuing to discharge risks an empty battery and forced grid import.
2026-09-25 04:56:00 - Step 544 | Zone 3 | REJECTED [SOC_LOW] | SOC 0.000 | Proposed -0.493 -> Applied 0.100 | Battery SOC is below the safe minimum. Continuing to discharge risks an empty battery and forced grid import.
2026-09-25 04:56:00 - Step 544 | Zone 4 | REJECTED [SOC_LOW] | SOC 0.000 | Proposed -0.013 -> Applied 0.100 | Battery SOC is below the safe minimum. Continuing to discharge risks an empty battery and forced grid import.
2026-09-25 04:56:01 - Step 545 | Zone 0 | REJECTED [SOC_LOW] | SOC 0.000 | Proposed -0.459 -> Applied 0.100 | Battery SOC is below the safe minimum. Continuing to discharge risks an empty battery and forced grid import.
2026-09-25 04:56:01 - Step 545 | Zone 2 | REJECTED [SOC_LOW] | SOC 0.000 | Proposed -0.481 -> Applied 0.100 | Battery SOC is below the safe minimum. Continuing to discharge risks an empty battery and forced grid import.
2026-09-25 04:56:01 - Step 546 | Zone 1 | REJECTED [SOC_LOW] | SOC 0.000 | Proposed -0.442 -> Applied 0.100 | Battery SOC is below the safe minimum. Continuing to discharge risks an empty battery and forced grid import.
2026-09-25 04:56:01 - Step 546 | Zone 3 | REJECTED [SOC_LOW] | SOC 0.000 | Proposed -0.407 -> Applied 0.100 | Battery SOC is below the safe minimum. Continuing to discharge risks an empty battery and forced grid import.
2026-09-25 04:56:01 - Step 546 | Zone 4 | REJECTED [SOC_LOW] | SOC 0.000 | Proposed -0.280 -> Applied 0.100 | Battery SOC is below the safe minimum. Continuing to discharge risks an empty battery and forced grid import.
2026-09-25 04:56:01 - Step 547 | Zone 0 | REJECTED [SOC_LOW] | SOC 0.000 | Proposed -0.311 -> Applied 0.100 | Battery SOC is below the safe minimum. Continuing to discharge risks an empty battery and forced grid import.
2026-09-25 04:56:01 - Step 547 | Zone 2 | REJECTED [SOC_LOW] | SOC 0.000 | Proposed -0.393 -> Applied 0.100 | Battery SOC is below the safe minimum. Continuing to discharge risks an empty battery and forced grid import.
2026-09-25 04:56:01 - Step 548 | Zone 1 | REJECTED [SOC_LOW] | SOC 0.000 | Proposed -0.496 -> Applied 0.100 | Battery SOC is below the safe minimum. Continuing to discharge risks an empty battery and forced grid import.
2026-09-25 04:56:01 - Step 548 | Zone 3 | REJECTED [SOC_LOW] | SOC 0.000 | Proposed -0.271 -> Applied 0.100 | Battery SOC is below the safe minimum. Continuing to discharge risks an empty battery and forced grid import.
2026-09-25 04:56:01 - Step 548 | Zone 4 | REJECTED [SOC_LOW] | SOC 0.000 | Proposed -0.296 -> Applied 0.100 | Battery SOC is below the safe minimum. Continuing to discharge risks an empty battery and forced grid import.
2026-09-25 04:56:02 - Step 549 | Zone 0 | REJECTED [SOC_LOW] | SOC 0.000 | Proposed -0.297 -> Applied 0.100 | Battery SOC is below the safe minimum. Continuing to discharge risks an empty battery and forced grid import.
2026-09-25 04:56:02 - Step 549 | Zone 2 | REJECTED [SOC_LOW] | SOC 0.000 | Proposed -0.238 -> Applied 0.100 | Battery SOC is below the safe minimum. Continuing to discharge risks an empty battery and forced grid import.
2026-09-25 04:56:02 - Step 550 | Zone 1 | REJECTED [SOC_LOW] | SOC 0.000 | Proposed -0.297 -> Applied 0.100 | Battery SOC is below the safe minimum. Continuing to discharge risks an empty battery and forced grid import.
2026-09-25 04:56:02 - Step 550 | Zone 4 | REJECTED [SOC_LOW] | SOC 0.000 | Proposed -0.371 -> Applied 0.100 | Battery SOC is below the safe minimum. Continuing to discharge risks an empty battery and forced grid import.
2026-09-25 04:56:02 - Step 551 | Zone 0 | REJECTED [SOC_LOW] | SOC 0.000 | Proposed -0.336 -> Applied 0.100 | Battery SOC is below the safe minimum. Continuing to discharge risks an empty battery and forced grid import.
2026-09-25 04:56:02 - Step 551 | Zone 2 | REJECTED [SOC_LOW] | SOC 0.000 | Proposed -0.437 -> Applied 0.100 | Battery SOC is below the safe minimum. Continuing to discharge risks an empty battery and forced grid import.
2026-09-25 04:56:02 - Step 551 | Zone 3 | REJECTED [SOC_LOW] | SOC 0.000 | Proposed -0.453 -> Applied 0.100 | Battery SOC is below the safe minimum. Continuing to discharge risks an empty battery and forced grid import.
2026-09-25 04:56:02 - Step 552 | Zone 1 | REJECTED [SOC_LOW] | SOC 0.000 | Proposed -0.256 -> Applied 0.100 | Battery SOC is below the safe minimum. Continuing to discharge risks an empty battery and forced grid import.
2026-09-25 04:56:03 - Step 553 | Zone 0 | REJECTED [SOC_LOW] | SOC 0.000 | Proposed -0.467 -> Applied 0.100 | Battery SOC is below the safe minimum. Continuing to discharge risks an empty battery and forced grid import.
2026-09-25 04:56:03 - Step 553 | Zone 2 | REJECTED [SOC_LOW] | SOC 0.000 | Proposed -0.016 -> Applied 0.100 | Battery SOC is below the safe minimum. Continuing to discharge risks an empty battery and forced grid import.
2026-09-25 04:56:03 - Step 553 | Zone 3 | REJECTED [SOC_LOW] | SOC 0.000 | Proposed -0.305 -> Applied 0.100 | Battery SOC is below the safe minimum. Continuing to discharge risks an empty battery and forced grid import.
2026-09-25 04:56:03 - Step 554 | Zone 1 | REJECTED [SOC_LOW] | SOC 0.000 | Proposed -0.467 -> Applied 0.100 | Battery SOC is below the safe minimum. Continuing to discharge risks an empty battery and forced grid import.
2026-09-25 04:56:03 - Step 554 | Zone 4 | REJECTED [SOC_LOW] | SOC 0.043 | Proposed -0.225 -> Applied 0.100 | Battery SOC is below the safe minimum. Continuing to discharge risks an empty battery and forced grid import.
2026-09-25 04:56:03 - Step 555 | Zone 3 | REJECTED [SOC_LOW] | SOC 0.000 | Proposed -0.475 -> Applied 0.100 | Battery SOC is below the safe minimum. Continuing to discharge risks an empty battery and forced grid import.
2026-09-25 04:56:03 - Step 556 | Zone 1 | REJECTED [SOC_LOW] | SOC 0.000 | Proposed -0.445 -> Applied 0.100 | Battery SOC is below the safe minimum. Continuing to discharge risks an empty battery and forced grid import.
2026-09-25 04:56:04 - Step 558 | Zone 1 | REJECTED [SOC_LOW] | SOC 0.000 | Proposed -0.432 -> Applied 0.100 | Battery SOC is below the safe minimum. Continuing to discharge risks an empty battery and forced grid import.
2026-09-25 04:56:04 - Step 559 | Zone 4 | REJECTED [SOC_LOW] | SOC 0.045 | Proposed -0.057 -> Applied 0.100 | Battery SOC is below the safe minimum. Continuing to discharge risks an empty battery and forced grid import.
2026-09-25 04:56:04 - Step 560 | Zone 1 | REJECTED [SOC_LOW] | SOC 0.000 | Proposed -0.356 -> Applied 0.100 | Battery SOC is below the safe minimum. Continuing to discharge risks an empty battery and forced grid import.
2026-09-25 04:56:05 - Step 561 | Zone 4 | REJECTED [SOC_LOW] | SOC 0.000 | Proposed -0.475 -> Applied 0.100 | Battery SOC is below the safe minimum. Continuing to discharge risks an empty battery and forced grid import.
2026-09-25 04:56:05 - Step 562 | Zone 1 | REJECTED [SOC_LOW] | SOC 0.000 | Proposed -0.377 -> Applied 0.100 | Battery SOC is below the safe minimum. Continuing to discharge risks an empty battery and forced grid import.
2026-09-25 04:56:05 - Step 563 | Zone 2 | REJECTED [SOC_LOW] | SOC 0.000 | Proposed -0.494 -> Applied 0.100 | Battery SOC is below the safe minimum. Continuing to discharge risks an empty battery and forced grid import.
2026-09-25 04:56:05 - Step 563 | Zone 4 | REJECTED [SOC_LOW] | SOC 0.000 | Proposed -0.229 -> Applied 0.100 | Battery SOC is below the safe minimum. Continuing to discharge risks an empty battery and forced grid import.
2026-09-25 04:56:05 - Step 564 | Zone 1 | REJECTED [SOC_LOW] | SOC 0.000 | Proposed -0.492 -> Applied 0.100 | Battery SOC is below the safe minimum. Continuing to discharge risks an empty battery and forced grid import.
2026-09-25 04:56:05 - Step 564 | Zone 3 | REJECTED [SOC_LOW] | SOC 0.000 | Proposed -0.495 -> Applied 0.100 | Battery SOC is below the safe minimum. Continuing to discharge risks an empty battery and forced grid import.
2026-09-25 04:56:06 - Step 565 | Zone 0 | REJECTED [SOC_LOW] | SOC 0.000 | Proposed -0.373 -> Applied 0.100 | Battery SOC is below the safe minimum. Continuing to discharge risks an empty battery and forced grid import.
2026-09-25 04:56:06 - Step 565 | Zone 2 | REJECTED [SOC_LOW] | SOC 0.000 | Proposed -0.482 -> Applied 0.100 | Battery SOC is below the safe minimum. Continuing to discharge risks an empty battery and forced grid import.
2026-09-25 04:56:06 - Step 566 | Zone 1 | REJECTED [SOC_LOW] | SOC 0.000 | Proposed -0.368 -> Applied 0.100 | Battery SOC is below the safe minimum. Continuing to discharge risks an empty battery and forced grid import.
2026-09-25 04:56:06 - Step 566 | Zone 3 | REJECTED [SOC_LOW] | SOC 0.000 | Proposed -0.393 -> Applied 0.100 | Battery SOC is below the safe minimum. Continuing to discharge risks an empty battery and forced grid import.
2026-09-25 04:56:06 - Step 567 | Zone 0 | REJECTED [SOC_LOW] | SOC 0.000 | Proposed -0.029 -> Applied 0.100 | Battery SOC is below the safe minimum. Continuing to discharge risks an empty battery and forced grid import.
2026-09-25 04:56:06 - Step 567 | Zone 2 | REJECTED [SOC_LOW] | SOC 0.000 | Proposed -0.477 -> Applied 0.100 | Battery SOC is below the safe minimum. Continuing to discharge risks an empty battery and forced grid import.
2026-09-25 04:56:06 - Step 567 | Zone 4 | REJECTED [SOC_LOW] | SOC 0.000 | Proposed -0.474 -> Applied 0.100 | Battery SOC is below the safe minimum. Continuing to discharge risks an empty battery and forced grid import.
2026-09-25 04:56:06 - Step 568 | Zone 1 | REJECTED [SOC_LOW] | SOC 0.000 | Proposed -0.461 -> Applied 0.100 | Battery SOC is below the safe minimum. Continuing to discharge risks an empty battery and forced grid import.
2026-09-25 04:56:06 - Step 568 | Zone 3 | REJECTED [SOC_LOW] | SOC 0.000 | Proposed -0.470 -> Applied 0.100 | Battery SOC is below the safe minimum. Continuing to discharge risks an empty battery and forced grid import.
2026-09-25 04:56:07 - Step 569 | Zone 2 | REJECTED [SOC_LOW] | SOC 0.000 | Proposed -0.374 -> Applied 0.100 | Battery SOC is below the safe minimum. Continuing to discharge risks an empty battery and forced grid import.
2026-09-25 04:56:07 - Step 569 | Zone 4 | REJECTED [SOC_LOW] | SOC 0.000 | Proposed -0.438 -> Applied 0.100 | Battery SOC is below the safe minimum. Continuing to discharge risks an empty battery and forced grid import.
2026-09-25 04:56:07 - Step 570 | Zone 0 | REJECTED [SOC_LOW] | SOC 0.000 | Proposed -0.473 -> Applied 0.100 | Battery SOC is below the safe minimum. Continuing to discharge risks an empty battery and forced grid import.
2026-09-25 04:56:07 - Step 570 | Zone 1 | REJECTED [SOC_LOW] | SOC 0.000 | Proposed -0.105 -> Applied 0.100 | Battery SOC is below the safe minimum. Continuing to discharge risks an empty battery and forced grid import.
2026-09-25 04:56:07 - Step 570 | Zone 3 | REJECTED [SOC_LOW] | SOC 0.000 | Proposed -0.375 -> Applied 0.100 | Battery SOC is below the safe minimum. Continuing to discharge risks an empty battery and forced grid import.
2026-09-25 04:56:07 - Step 571 | Zone 2 | REJECTED [SOC_LOW] | SOC 0.000 | Proposed -0.305 -> Applied 0.100 | Battery SOC is below the safe minimum. Continuing to discharge risks an empty battery and forced grid import.
2026-09-25 04:56:07 - Step 571 | Zone 4 | REJECTED [SOC_LOW] | SOC 0.000 | Proposed -0.412 -> Applied 0.100 | Battery SOC is below the safe minimum. Continuing to discharge risks an empty battery and forced grid import.
2026-09-25 04:56:07 - Step 572 | Zone 0 | REJECTED [SOC_LOW] | SOC 0.000 | Proposed -0.395 -> Applied 0.100 | Battery SOC is below the safe minimum. Continuing to discharge risks an empty battery and forced grid import.
2026-09-25 04:56:07 - Step 572 | Zone 1 | REJECTED [SOC_LOW] | SOC 0.000 | Proposed 0.096 -> Applied 0.100 | Battery SOC is below the safe minimum. Continuing to discharge risks an empty battery and forced grid import.
2026-09-25 04:56:07 - Step 572 | Zone 3 | REJECTED [SOC_LOW] | SOC 0.000 | Proposed -0.493 -> Applied 0.100 | Battery SOC is below the safe minimum. Continuing to discharge risks an empty battery and forced grid import.
2026-09-25 04:56:07 - Step 573 | Zone 2 | REJECTED [SOC_LOW] | SOC 0.000 | Proposed -0.140 -> Applied 0.100 | Battery SOC is below the safe minimum. Continuing to discharge risks an empty battery and forced grid import.
2026-09-25 04:56:07 - Step 573 | Zone 4 | REJECTED [SOC_LOW] | SOC 0.000 | Proposed -0.403 -> Applied 0.100 | Battery SOC is below the safe minimum. Continuing to discharge risks an empty battery and forced grid import.
2026-09-25 04:56:08 - Step 574 | Zone 0 | REJECTED [SOC_LOW] | SOC 0.000 | Proposed -0.143 -> Applied 0.100 | Battery SOC is below the safe minimum. Continuing to discharge risks an empty battery and forced grid import.
2026-09-25 04:56:08 - Step 574 | Zone 3 | REJECTED [SOC_LOW] | SOC 0.000 | Proposed -0.005 -> Applied 0.100 | Battery SOC is below the safe minimum. Continuing to discharge risks an empty battery and forced grid import.
2026-09-25 04:56:08 - Step 575 | Zone 2 | REJECTED [SOC_LOW] | SOC 0.000 | Proposed -0.321 -> Applied 0.100 | Battery SOC is below the safe minimum. Continuing to discharge risks an empty battery and forced grid import.
2026-09-25 04:56:08 - Step 575 | Zone 4 | REJECTED [SOC_LOW] | SOC 0.000 | Proposed -0.296 -> Applied 0.100 | Battery SOC is below the safe minimum. Continuing to discharge risks an empty battery and forced grid import.
2026-09-25 04:56:08 - Step 576 | Zone 0 | REJECTED [SOC_LOW] | SOC 0.047 | Proposed -0.336 -> Applied 0.100 | Battery SOC is below the safe minimum. Continuing to discharge risks an empty battery and forced grid import.
2026-09-25 04:56:08 - Step 577 | Zone 1 | REJECTED [SOC_LOW] | SOC 0.031 | Proposed 0.034 -> Applied 0.100 | Battery SOC is below the safe minimum. Continuing to discharge risks an empty battery and forced grid import.
2026-09-25 04:56:08 - Step 577 | Zone 2 | REJECTED [SOC_LOW] | SOC 0.000 | Proposed -0.418 -> Applied 0.100 | Battery SOC is below the safe minimum. Continuing to discharge risks an empty battery and forced grid import.
2026-09-25 04:56:09 - Step 579 | Zone 2 | REJECTED [SOC_LOW] | SOC 0.000 | Proposed -0.366 -> Applied 0.100 | Battery SOC is below the safe minimum. Continuing to discharge risks an empty battery and forced grid import.
2026-09-25 04:56:10 - Step 584 | Zone 3 | REJECTED [SOC_HIGH] | SOC 0.975 | Proposed 0.186 -> Applied -0.100 | Battery SOC is above the safe maximum. Continuing to charge risks overcharge and battery degradation.
2026-09-25 04:56:11 - Step 586 | Zone 1 | REJECTED [SOC_LOW] | SOC 0.000 | Proposed -0.453 -> Applied 0.100 | Battery SOC is below the safe minimum. Continuing to discharge risks an empty battery and forced grid import.
2026-09-25 04:56:11 - Step 586 | Zone 2 | REJECTED [SOC_LOW] | SOC 0.015 | Proposed -0.407 -> Applied 0.100 | Battery SOC is below the safe minimum. Continuing to discharge risks an empty battery and forced grid import.
2026-09-25 04:56:11 - Step 586 | Zone 4 | REJECTED [SOC_LOW] | SOC 0.000 | Proposed -0.429 -> Applied 0.100 | Battery SOC is below the safe minimum. Continuing to discharge risks an empty battery and forced grid import.
2026-09-25 04:56:11 - Step 588 | Zone 1 | REJECTED [SOC_LOW] | SOC 0.000 | Proposed -0.445 -> Applied 0.100 | Battery SOC is below the safe minimum. Continuing to discharge risks an empty battery and forced grid import.
2026-09-25 04:56:11 - Step 588 | Zone 2 | REJECTED [SOC_LOW] | SOC 0.000 | Proposed -0.484 -> Applied 0.100 | Battery SOC is below the safe minimum. Continuing to discharge risks an empty battery and forced grid import.
2026-09-25 04:56:11 - Step 588 | Zone 4 | REJECTED [SOC_LOW] | SOC 0.000 | Proposed -0.448 -> Applied 0.100 | Battery SOC is below the safe minimum. Continuing to discharge risks an empty battery and forced grid import.
2026-09-25 04:56:11 - Step 589 | Zone 3 | REJECTED [SOC_LOW] | SOC 0.032 | Proposed -0.487 -> Applied 0.100 | Battery SOC is below the safe minimum. Continuing to discharge risks an empty battery and forced grid import.
2026-09-25 04:56:12 - Step 590 | Zone 0 | REJECTED [SOC_LOW] | SOC 0.006 | Proposed -0.037 -> Applied 0.100 | Battery SOC is below the safe minimum. Continuing to discharge risks an empty battery and forced grid import.
2026-09-25 04:56:12 - Step 590 | Zone 1 | REJECTED [SOC_LOW] | SOC 0.000 | Proposed -0.289 -> Applied 0.100 | Battery SOC is below the safe minimum. Continuing to discharge risks an empty battery and forced grid import.
2026-09-25 04:56:12 - Step 590 | Zone 2 | REJECTED [SOC_LOW] | SOC 0.000 | Proposed -0.474 -> Applied 0.100 | Battery SOC is below the safe minimum. Continuing to discharge risks an empty battery and forced grid import.
2026-09-25 04:56:12 - Step 590 | Zone 4 | REJECTED [SOC_LOW] | SOC 0.000 | Proposed -0.408 -> Applied 0.100 | Battery SOC is below the safe minimum. Continuing to discharge risks an empty battery and forced grid import.
2026-09-25 04:56:12 - Step 591 | Zone 3 | REJECTED [SOC_LOW] | SOC 0.000 | Proposed -0.271 -> Applied 0.100 | Battery SOC is below the safe minimum. Continuing to discharge risks an empty battery and forced grid import.
2026-09-25 04:56:12 - Step 592 | Zone 0 | REJECTED [SOC_LOW] | SOC 0.000 | Proposed 0.039 -> Applied 0.100 | Battery SOC is below the safe minimum. Continuing to discharge risks an empty battery and forced grid import.
2026-09-25 04:56:12 - Step 592 | Zone 1 | REJECTED [SOC_LOW] | SOC 0.000 | Proposed -0.424 -> Applied 0.100 | Battery SOC is below the safe minimum. Continuing to discharge risks an empty battery and forced grid import.
2026-09-25 04:56:12 - Step 592 | Zone 2 | REJECTED [SOC_LOW] | SOC 0.000 | Proposed -0.463 -> Applied 0.100 | Battery SOC is below the safe minimum. Continuing to discharge risks an empty battery and forced grid import.
2026-09-25 04:56:12 - Step 592 | Zone 4 | REJECTED [SOC_LOW] | SOC 0.000 | Proposed -0.462 -> Applied 0.100 | Battery SOC is below the safe minimum. Continuing to discharge risks an empty battery and forced grid import.
2026-09-25 04:56:12 - Step 593 | Zone 3 | REJECTED [SOC_LOW] | SOC 0.000 | Proposed -0.294 -> Applied 0.100 | Battery SOC is below the safe minimum. Continuing to discharge risks an empty battery and forced grid import.
2026-09-25 04:56:13 - Step 594 | Zone 0 | REJECTED [SOC_LOW] | SOC 0.000 | Proposed -0.365 -> Applied 0.100 | Battery SOC is below the safe minimum. Continuing to discharge risks an empty battery and forced grid import.
2026-09-25 04:56:13 - Step 594 | Zone 1 | REJECTED [SOC_LOW] | SOC 0.000 | Proposed 0.065 -> Applied 0.100 | Battery SOC is below the safe minimum. Continuing to discharge risks an empty battery and forced grid import.
2026-09-25 04:56:13 - Step 594 | Zone 2 | REJECTED [SOC_LOW] | SOC 0.000 | Proposed -0.435 -> Applied 0.100 | Battery SOC is below the safe minimum. Continuing to discharge risks an empty battery and forced grid import.
2026-09-25 04:56:13 - Step 594 | Zone 4 | REJECTED [SOC_LOW] | SOC 0.000 | Proposed -0.488 -> Applied 0.100 | Battery SOC is below the safe minimum. Continuing to discharge risks an empty battery and forced grid import.
2026-09-25 04:56:13 - Step 595 | Zone 3 | REJECTED [SOC_LOW] | SOC 0.000 | Proposed -0.060 -> Applied 0.100 | Battery SOC is below the safe minimum. Continuing to discharge risks an empty battery and forced grid import.
2026-09-25 04:56:13 - Step 596 | Zone 0 | REJECTED [SOC_LOW] | SOC 0.000 | Proposed -0.435 -> Applied 0.100 | Battery SOC is below the safe minimum. Continuing to discharge risks an empty battery and forced grid import.
2026-09-25 04:56:13 - Step 596 | Zone 2 | REJECTED [SOC_LOW] | SOC 0.000 | Proposed -0.368 -> Applied 0.100 | Battery SOC is below the safe minimum. Continuing to discharge risks an empty battery and forced grid import.
2026-09-25 04:56:13 - Step 596 | Zone 4 | REJECTED [SOC_LOW] | SOC 0.000 | Proposed -0.422 -> Applied 0.100 | Battery SOC is below the safe minimum. Continuing to discharge risks an empty battery and forced grid import.
2026-09-25 04:56:13 - Step 597 | Zone 1 | REJECTED [SOC_LOW] | SOC 0.000 | Proposed -0.424 -> Applied 0.100 | Battery SOC is below the safe minimum. Continuing to discharge risks an empty battery and forced grid import.
2026-09-25 04:56:13 - Step 598 | Zone 0 | REJECTED [SOC_LOW] | SOC 0.000 | Proposed -0.261 -> Applied 0.100 | Battery SOC is below the safe minimum. Continuing to discharge risks an empty battery and forced grid import.
2026-09-25 04:56:13 - Step 598 | Zone 2 | REJECTED [SOC_LOW] | SOC 0.000 | Proposed -0.401 -> Applied 0.100 | Battery SOC is below the safe minimum. Continuing to discharge risks an empty battery and forced grid import.
2026-09-25 04:56:13 - Step 598 | Zone 4 | REJECTED [SOC_LOW] | SOC 0.000 | Proposed -0.310 -> Applied 0.100 | Battery SOC is below the safe minimum. Continuing to discharge risks an empty battery and forced grid import.
2026-09-25 04:56:14 - Step 599 | Zone 1 | REJECTED [SOC_LOW] | SOC 0.000 | Proposed -0.058 -> Applied 0.100 | Battery SOC is below the safe minimum. Continuing to discharge risks an empty battery and forced grid import.
2026-09-25 04:56:14 - Step 599 | Zone 3 | REJECTED [SOC_LOW] | SOC 0.000 | Proposed -0.203 -> Applied 0.100 | Battery SOC is below the safe minimum. Continuing to discharge risks an empty battery and forced grid import.
2026-09-25 04:56:14 - Step 601 | Zone 3 | REJECTED [SOC_LOW] | SOC 0.000 | Proposed -0.441 -> Applied 0.100 | Battery SOC is below the safe minimum. Continuing to discharge risks an empty battery and forced grid import.
2026-09-25 04:56:14 - Step 602 | Zone 1 | REJECTED [SOC_LOW] | SOC 0.000 | Proposed -0.132 -> Applied 0.100 | Battery SOC is below the safe minimum. Continuing to discharge risks an empty battery and forced grid import.
2026-09-25 04:56:15 - Step 603 | Zone 3 | REJECTED [SOC_LOW] | SOC 0.001 | Proposed -0.123 -> Applied 0.100 | Battery SOC is below the safe minimum. Continuing to discharge risks an empty battery and forced grid import.
2026-09-25 04:56:15 - Step 605 | Zone 3 | REJECTED [SOC_LOW] | SOC 0.018 | Proposed -0.199 -> Applied 0.100 | Battery SOC is below the safe minimum. Continuing to discharge risks an empty battery and forced grid import.
2026-09-25 04:56:16 - Step 607 | Zone 3 | REJECTED [SOC_LOW] | SOC 0.000 | Proposed -0.477 -> Applied 0.100 | Battery SOC is below the safe minimum. Continuing to discharge risks an empty battery and forced grid import.
2026-09-25 04:56:16 - Step 608 | Zone 2 | REJECTED [SOC_LOW] | SOC 0.000 | Proposed -0.368 -> Applied 0.100 | Battery SOC is below the safe minimum. Continuing to discharge risks an empty battery and forced grid import.
2026-09-25 04:56:16 - Step 609 | Zone 3 | REJECTED [SOC_LOW] | SOC 0.000 | Proposed -0.180 -> Applied 0.100 | Battery SOC is below the safe minimum. Continuing to discharge risks an empty battery and forced grid import.
2026-09-25 04:56:17 - Step 610 | Zone 2 | REJECTED [SOC_LOW] | SOC 0.000 | Proposed -0.360 -> Applied 0.100 | Battery SOC is below the safe minimum. Continuing to discharge risks an empty battery and forced grid import.
2026-09-25 04:56:17 - Step 611 | Zone 3 | REJECTED [SOC_LOW] | SOC 0.000 | Proposed -0.461 -> Applied 0.100 | Battery SOC is below the safe minimum. Continuing to discharge risks an empty battery and forced grid import.
2026-09-25 04:56:17 - Step 612 | Zone 1 | REJECTED [SOC_LOW] | SOC 0.017 | Proposed -0.205 -> Applied 0.100 | Battery SOC is below the safe minimum. Continuing to discharge risks an empty battery and forced grid import.
2026-09-25 04:56:17 - Step 612 | Zone 2 | REJECTED [SOC_LOW] | SOC 0.000 | Proposed -0.001 -> Applied 0.100 | Battery SOC is below the safe minimum. Continuing to discharge risks an empty battery and forced grid import.
2026-09-25 04:56:17 - Step 612 | Zone 4 | REJECTED [SOC_LOW] | SOC 0.000 | Proposed -0.278 -> Applied 0.100 | Battery SOC is below the safe minimum. Continuing to discharge risks an empty battery and forced grid import.
2026-09-25 04:56:17 - Step 613 | Zone 0 | REJECTED [SOC_LOW] | SOC 0.014 | Proposed -0.309 -> Applied 0.100 | Battery SOC is below the safe minimum. Continuing to discharge risks an empty battery and forced grid import.
2026-09-25 04:56:17 - Step 613 | Zone 3 | REJECTED [SOC_LOW] | SOC 0.000 | Proposed -0.416 -> Applied 0.100 | Battery SOC is below the safe minimum. Continuing to discharge risks an empty battery and forced grid import.
2026-09-25 04:56:18 - Step 614 | Zone 0 | REJECTED [DEMAND_SPIKE] | SOC 0.084 | Proposed 0.169 -> Applied 0.000 | Building demand exceeded the allowed multiple of its recent average. Charging now would add to a demand spike and raise peak-demand cost.
2026-09-25 04:56:18 - Step 614 | Zone 1 | REJECTED [SOC_LOW] | SOC 0.000 | Proposed -0.446 -> Applied 0.100 | Battery SOC is below the safe minimum. Continuing to discharge risks an empty battery and forced grid import.
2026-09-25 04:56:18 - Step 614 | Zone 2 | REJECTED [SOC_LOW] | SOC 0.000 | Proposed -0.444 -> Applied 0.100 | Battery SOC is below the safe minimum. Continuing to discharge risks an empty battery and forced grid import.
2026-09-25 04:56:18 - Step 614 | Zone 4 | REJECTED [SOC_LOW] | SOC 0.000 | Proposed -0.478 -> Applied 0.100 | Battery SOC is below the safe minimum. Continuing to discharge risks an empty battery and forced grid import.
2026-09-25 04:56:18 - Step 616 | Zone 0 | REJECTED [SOC_LOW] | SOC 0.028 | Proposed -0.335 -> Applied 0.100 | Battery SOC is below the safe minimum. Continuing to discharge risks an empty battery and forced grid import.
2026-09-25 04:56:18 - Step 616 | Zone 1 | REJECTED [SOC_LOW] | SOC 0.000 | Proposed -0.385 -> Applied 0.100 | Battery SOC is below the safe minimum. Continuing to discharge risks an empty battery and forced grid import.
2026-09-25 04:56:18 - Step 616 | Zone 2 | REJECTED [SOC_LOW] | SOC 0.000 | Proposed -0.460 -> Applied 0.100 | Battery SOC is below the safe minimum. Continuing to discharge risks an empty battery and forced grid import.
2026-09-25 04:56:18 - Step 616 | Zone 4 | REJECTED [SOC_LOW] | SOC 0.000 | Proposed -0.287 -> Applied 0.100 | Battery SOC is below the safe minimum. Continuing to discharge risks an empty battery and forced grid import.
2026-09-25 04:56:19 - Step 618 | Zone 0 | REJECTED [SOC_LOW] | SOC 0.000 | Proposed -0.121 -> Applied 0.100 | Battery SOC is below the safe minimum. Continuing to discharge risks an empty battery and forced grid import.
2026-09-25 04:56:19 - Step 618 | Zone 1 | REJECTED [SOC_LOW] | SOC 0.000 | Proposed 0.040 -> Applied 0.100 | Battery SOC is below the safe minimum. Continuing to discharge risks an empty battery and forced grid import.
2026-09-25 04:56:19 - Step 618 | Zone 2 | REJECTED [SOC_LOW] | SOC 0.000 | Proposed -0.210 -> Applied 0.100 | Battery SOC is below the safe minimum. Continuing to discharge risks an empty battery and forced grid import.
2026-09-25 04:56:19 - Step 618 | Zone 3 | REJECTED [SOC_LOW] | SOC 0.000 | Proposed -0.057 -> Applied 0.100 | Battery SOC is below the safe minimum. Continuing to discharge risks an empty battery and forced grid import.
2026-09-25 04:56:19 - Step 618 | Zone 4 | REJECTED [SOC_LOW] | SOC 0.000 | Proposed -0.370 -> Applied 0.100 | Battery SOC is below the safe minimum. Continuing to discharge risks an empty battery and forced grid import.
2026-09-25 04:56:19 - Step 620 | Zone 0 | REJECTED [SOC_LOW] | SOC 0.000 | Proposed -0.332 -> Applied 0.100 | Battery SOC is below the safe minimum. Continuing to discharge risks an empty battery and forced grid import.
2026-09-25 04:56:19 - Step 620 | Zone 2 | REJECTED [SOC_LOW] | SOC 0.000 | Proposed -0.184 -> Applied 0.100 | Battery SOC is below the safe minimum. Continuing to discharge risks an empty battery and forced grid import.
2026-09-25 04:56:19 - Step 620 | Zone 3 | REJECTED [SOC_LOW] | SOC 0.000 | Proposed -0.467 -> Applied 0.100 | Battery SOC is below the safe minimum. Continuing to discharge risks an empty battery and forced grid import.
2026-09-25 04:56:19 - Step 620 | Zone 4 | REJECTED [SOC_LOW] | SOC 0.000 | Proposed -0.434 -> Applied 0.100 | Battery SOC is below the safe minimum. Continuing to discharge risks an empty battery and forced grid import.
2026-09-25 04:56:20 - Step 622 | Zone 0 | REJECTED [SOC_LOW] | SOC 0.000 | Proposed -0.299 -> Applied 0.100 | Battery SOC is below the safe minimum. Continuing to discharge risks an empty battery and forced grid import.
2026-09-25 04:56:20 - Step 622 | Zone 3 | REJECTED [SOC_LOW] | SOC 0.000 | Proposed -0.306 -> Applied 0.100 | Battery SOC is below the safe minimum. Continuing to discharge risks an empty battery and forced grid import.
2026-09-25 04:56:20 - Step 622 | Zone 4 | REJECTED [SOC_LOW] | SOC 0.000 | Proposed -0.302 -> Applied 0.100 | Battery SOC is below the safe minimum. Continuing to discharge risks an empty battery and forced grid import.
2026-09-25 04:56:20 - Step 623 | Zone 2 | REJECTED [SOC_LOW] | SOC 0.039 | Proposed -0.447 -> Applied 0.100 | Battery SOC is below the safe minimum. Continuing to discharge risks an empty battery and forced grid import.
2026-09-25 04:56:20 - Step 624 | Zone 3 | REJECTED [SOC_LOW] | SOC 0.000 | Proposed -0.193 -> Applied 0.100 | Battery SOC is below the safe minimum. Continuing to discharge risks an empty battery and forced grid import.
2026-09-25 04:56:20 - Step 624 | Zone 4 | REJECTED [SOC_LOW] | SOC 0.000 | Proposed -0.183 -> Applied 0.100 | Battery SOC is below the safe minimum. Continuing to discharge risks an empty battery and forced grid import.
2026-09-25 04:56:20 - Step 625 | Zone 0 | REJECTED [SOC_LOW] | SOC 0.000 | Proposed -0.239 -> Applied 0.100 | Battery SOC is below the safe minimum. Continuing to discharge risks an empty battery and forced grid import.
2026-09-25 04:56:20 - Step 625 | Zone 2 | REJECTED [SOC_LOW] | SOC 0.000 | Proposed -0.221 -> Applied 0.100 | Battery SOC is below the safe minimum. Continuing to discharge risks an empty battery and forced grid import.
2026-09-25 04:56:21 - Step 626 | Zone 3 | REJECTED [SOC_LOW] | SOC 0.000 | Proposed -0.323 -> Applied 0.100 | Battery SOC is below the safe minimum. Continuing to discharge risks an empty battery and forced grid import.
2026-09-25 04:56:22 - Step 631 | Zone 3 | REJECTED [SOC_LOW] | SOC 0.000 | Proposed -0.145 -> Applied 0.100 | Battery SOC is below the safe minimum. Continuing to discharge risks an empty battery and forced grid import.
2026-09-25 04:56:22 - Step 633 | Zone 0 | REJECTED [SOC_HIGH] | SOC 0.952 | Proposed 0.138 -> Applied -0.100 | Battery SOC is above the safe maximum. Continuing to charge risks overcharge and battery degradation.
2026-09-25 04:56:22 - Step 634 | Zone 2 | REJECTED [SOC_LOW] | SOC 0.000 | Proposed -0.470 -> Applied 0.100 | Battery SOC is below the safe minimum. Continuing to discharge risks an empty battery and forced grid import.
2026-09-25 04:56:22 - Step 634 | Zone 4 | REJECTED [SOC_LOW] | SOC 0.000 | Proposed -0.382 -> Applied 0.100 | Battery SOC is below the safe minimum. Continuing to discharge risks an empty battery and forced grid import.
2026-09-25 04:56:23 - Step 636 | Zone 1 | REJECTED [SOC_LOW] | SOC 0.000 | Proposed -0.203 -> Applied 0.100 | Battery SOC is below the safe minimum. Continuing to discharge risks an empty battery and forced grid import.
2026-09-25 04:56:23 - Step 636 | Zone 2 | REJECTED [SOC_LOW] | SOC 0.000 | Proposed -0.462 -> Applied 0.100 | Battery SOC is below the safe minimum. Continuing to discharge risks an empty battery and forced grid import.
2026-09-25 04:56:23 - Step 636 | Zone 4 | REJECTED [SOC_LOW] | SOC 0.000 | Proposed -0.485 -> Applied 0.100 | Battery SOC is below the safe minimum. Continuing to discharge risks an empty battery and forced grid import.
2026-09-25 04:56:23 - Step 638 | Zone 1 | REJECTED [SOC_LOW] | SOC 0.000 | Proposed -0.287 -> Applied 0.100 | Battery SOC is below the safe minimum. Continuing to discharge risks an empty battery and forced grid import.
2026-09-25 04:56:23 - Step 638 | Zone 3 | REJECTED [SOC_LOW] | SOC 0.000 | Proposed -0.146 -> Applied 0.100 | Battery SOC is below the safe minimum. Continuing to discharge risks an empty battery and forced grid import.
2026-09-25 04:56:23 - Step 638 | Zone 4 | REJECTED [SOC_LOW] | SOC 0.000 | Proposed -0.316 -> Applied 0.100 | Battery SOC is below the safe minimum. Continuing to discharge risks an empty battery and forced grid import.
2026-09-25 04:56:24 - Step 639 | Zone 0 | REJECTED [SOC_LOW] | SOC 0.000 | Proposed -0.360 -> Applied 0.100 | Battery SOC is below the safe minimum. Continuing to discharge risks an empty battery and forced grid import.
2026-09-25 04:56:24 - Step 640 | Zone 1 | REJECTED [SOC_LOW] | SOC 0.000 | Proposed -0.478 -> Applied 0.100 | Battery SOC is below the safe minimum. Continuing to discharge risks an empty battery and forced grid import.
2026-09-25 04:56:24 - Step 640 | Zone 2 | REJECTED [SOC_LOW] | SOC 0.000 | Proposed -0.496 -> Applied 0.100 | Battery SOC is below the safe minimum. Continuing to discharge risks an empty battery and forced grid import.
2026-09-25 04:56:24 - Step 640 | Zone 3 | REJECTED [SOC_LOW] | SOC 0.000 | Proposed -0.460 -> Applied 0.100 | Battery SOC is below the safe minimum. Continuing to discharge risks an empty battery and forced grid import.
2026-09-25 04:56:24 - Step 640 | Zone 4 | REJECTED [SOC_LOW] | SOC 0.000 | Proposed -0.150 -> Applied 0.100 | Battery SOC is below the safe minimum. Continuing to discharge risks an empty battery and forced grid import.
2026-09-25 04:56:24 - Step 642 | Zone 2 | REJECTED [SOC_LOW] | SOC 0.000 | Proposed -0.369 -> Applied 0.100 | Battery SOC is below the safe minimum. Continuing to discharge risks an empty battery and forced grid import.
2026-09-25 04:56:24 - Step 642 | Zone 4 | REJECTED [SOC_LOW] | SOC 0.000 | Proposed -0.314 -> Applied 0.100 | Battery SOC is below the safe minimum. Continuing to discharge risks an empty battery and forced grid import.
2026-09-25 04:56:25 - Step 644 | Zone 2 | REJECTED [SOC_LOW] | SOC 0.000 | Proposed 0.029 -> Applied 0.100 | Battery SOC is below the safe minimum. Continuing to discharge risks an empty battery and forced grid import.
2026-09-25 04:56:25 - Step 644 | Zone 3 | REJECTED [SOC_LOW] | SOC 0.000 | Proposed -0.295 -> Applied 0.100 | Battery SOC is below the safe minimum. Continuing to discharge risks an empty battery and forced grid import.
2026-09-25 04:56:25 - Step 644 | Zone 4 | REJECTED [SOC_LOW] | SOC 0.000 | Proposed -0.485 -> Applied 0.100 | Battery SOC is below the safe minimum. Continuing to discharge risks an empty battery and forced grid import.
2026-09-25 04:56:25 - Step 645 | Zone 1 | REJECTED [SOC_LOW] | SOC 0.000 | Proposed -0.021 -> Applied 0.100 | Battery SOC is below the safe minimum. Continuing to discharge risks an empty battery and forced grid import.
2026-09-25 04:56:25 - Step 646 | Zone 2 | REJECTED [SOC_LOW] | SOC 0.000 | Proposed -0.214 -> Applied 0.100 | Battery SOC is below the safe minimum. Continuing to discharge risks an empty battery and forced grid import.
2026-09-25 04:56:25 - Step 646 | Zone 3 | REJECTED [SOC_LOW] | SOC 0.000 | Proposed -0.108 -> Applied 0.100 | Battery SOC is below the safe minimum. Continuing to discharge risks an empty battery and forced grid import.
2026-09-25 04:56:25 - Step 646 | Zone 4 | REJECTED [SOC_LOW] | SOC 0.000 | Proposed -0.369 -> Applied 0.100 | Battery SOC is below the safe minimum. Continuing to discharge risks an empty battery and forced grid import.
2026-09-25 04:56:26 - Step 649 | Zone 2 | REJECTED [SOC_LOW] | SOC 0.000 | Proposed -0.293 -> Applied 0.100 | Battery SOC is below the safe minimum. Continuing to discharge risks an empty battery and forced grid import.
2026-09-25 04:56:26 - Step 651 | Zone 1 | REJECTED [SOC_LOW] | SOC 0.000 | Proposed -0.013 -> Applied 0.100 | Battery SOC is below the safe minimum. Continuing to discharge risks an empty battery and forced grid import.
2026-09-25 04:56:27 - Step 655 | Zone 0 | REJECTED [SOC_HIGH] | SOC 1.000 | Proposed 0.056 -> Applied -0.100 | Battery SOC is above the safe maximum. Continuing to charge risks overcharge and battery degradation.
2026-09-25 04:56:27 - Step 655 | Zone 4 | REJECTED [SOC_HIGH] | SOC 1.000 | Proposed 0.284 -> Applied -0.100 | Battery SOC is above the safe maximum. Continuing to charge risks overcharge and battery degradation.
2026-09-25 04:56:28 - Step 657 | Zone 4 | REJECTED [SOC_HIGH] | SOC 1.000 | Proposed 0.286 -> Applied -0.100 | Battery SOC is above the safe maximum. Continuing to charge risks overcharge and battery degradation.
2026-09-25 04:56:28 - Step 658 | Zone 0 | REJECTED [SOC_HIGH] | SOC 1.000 | Proposed 0.418 -> Applied -0.100 | Battery SOC is above the safe maximum. Continuing to charge risks overcharge and battery degradation.
2026-09-25 04:56:28 - Step 658 | Zone 2 | REJECTED [SOC_LOW] | SOC 0.013 | Proposed -0.467 -> Applied 0.100 | Battery SOC is below the safe minimum. Continuing to discharge risks an empty battery and forced grid import.
2026-09-25 04:56:28 - Step 659 | Zone 4 | REJECTED [SOC_HIGH] | SOC 1.000 | Proposed 0.290 -> Applied -0.100 | Battery SOC is above the safe maximum. Continuing to charge risks overcharge and battery degradation.
2026-09-25 04:56:29 - Step 660 | Zone 1 | REJECTED [SOC_LOW] | SOC 0.000 | Proposed -0.212 -> Applied 0.100 | Battery SOC is below the safe minimum. Continuing to discharge risks an empty battery and forced grid import.
2026-09-25 04:56:29 - Step 660 | Zone 2 | REJECTED [SOC_LOW] | SOC 0.000 | Proposed -0.495 -> Applied 0.100 | Battery SOC is below the safe minimum. Continuing to discharge risks an empty battery and forced grid import.
2026-09-25 04:56:29 - Step 661 | Zone 3 | REJECTED [SOC_LOW] | SOC 0.000 | Proposed -0.451 -> Applied 0.100 | Battery SOC is below the safe minimum. Continuing to discharge risks an empty battery and forced grid import.
2026-09-25 04:56:29 - Step 662 | Zone 1 | REJECTED [SOC_LOW] | SOC 0.000 | Proposed -0.423 -> Applied 0.100 | Battery SOC is below the safe minimum. Continuing to discharge risks an empty battery and forced grid import.
2026-09-25 04:56:29 - Step 662 | Zone 2 | REJECTED [SOC_LOW] | SOC 0.000 | Proposed -0.309 -> Applied 0.100 | Battery SOC is below the safe minimum. Continuing to discharge risks an empty battery and forced grid import.
2026-09-25 04:56:29 - Step 663 | Zone 3 | REJECTED [SOC_LOW] | SOC 0.000 | Proposed -0.360 -> Applied 0.100 | Battery SOC is below the safe minimum. Continuing to discharge risks an empty battery and forced grid import.
2026-09-25 04:56:30 - Step 664 | Zone 1 | REJECTED [SOC_LOW] | SOC 0.000 | Proposed -0.400 -> Applied 0.100 | Battery SOC is below the safe minimum. Continuing to discharge risks an empty battery and forced grid import.
2026-09-25 04:56:30 - Step 664 | Zone 2 | REJECTED [SOC_LOW] | SOC 0.000 | Proposed -0.439 -> Applied 0.100 | Battery SOC is below the safe minimum. Continuing to discharge risks an empty battery and forced grid import.
2026-09-25 04:56:30 - Step 665 | Zone 3 | REJECTED [SOC_LOW] | SOC 0.000 | Proposed -0.031 -> Applied 0.100 | Battery SOC is below the safe minimum. Continuing to discharge risks an empty battery and forced grid import.
2026-09-25 04:56:30 - Step 666 | Zone 2 | REJECTED [SOC_LOW] | SOC 0.017 | Proposed -0.319 -> Applied 0.100 | Battery SOC is below the safe minimum. Continuing to discharge risks an empty battery and forced grid import.
2026-09-25 04:56:30 - Step 666 | Zone 4 | REJECTED [SOC_LOW] | SOC 0.000 | Proposed -0.104 -> Applied 0.100 | Battery SOC is below the safe minimum. Continuing to discharge risks an empty battery and forced grid import.
2026-09-25 04:56:30 - Step 667 | Zone 2 | REJECTED [DEMAND_SPIKE] | SOC 0.087 | Proposed 0.042 -> Applied 0.000 | Building demand exceeded the allowed multiple of its recent average. Charging now would add to a demand spike and raise peak-demand cost.
2026-09-25 04:56:30 - Step 667 | Zone 3 | REJECTED [SOC_LOW] | SOC 0.000 | Proposed -0.339 -> Applied 0.100 | Battery SOC is below the safe minimum. Continuing to discharge risks an empty battery and forced grid import.
2026-09-25 04:56:30 - Step 668 | Zone 4 | REJECTED [SOC_LOW] | SOC 0.035 | Proposed -0.466 -> Applied 0.100 | Battery SOC is below the safe minimum. Continuing to discharge risks an empty battery and forced grid import.
2026-09-25 04:56:31 - Step 669 | Zone 2 | REJECTED [SOC_LOW] | SOC 0.000 | Proposed -0.342 -> Applied 0.100 | Battery SOC is below the safe minimum. Continuing to discharge risks an empty battery and forced grid import.
2026-09-25 04:56:31 - Step 670 | Zone 3 | REJECTED [SOC_LOW] | SOC 0.000 | Proposed -0.415 -> Applied 0.100 | Battery SOC is below the safe minimum. Continuing to discharge risks an empty battery and forced grid import.
2026-09-25 04:56:31 - Step 670 | Zone 4 | REJECTED [SOC_LOW] | SOC 0.000 | Proposed -0.425 -> Applied 0.100 | Battery SOC is below the safe minimum. Continuing to discharge risks an empty battery and forced grid import.
2026-09-25 04:56:31 - Step 671 | Zone 2 | REJECTED [SOC_LOW] | SOC 0.000 | Proposed -0.493 -> Applied 0.100 | Battery SOC is below the safe minimum. Continuing to discharge risks an empty battery and forced grid import.
2026-09-25 04:56:31 - Step 672 | Zone 3 | REJECTED [SOC_LOW] | SOC 0.000 | Proposed -0.284 -> Applied 0.100 | Battery SOC is below the safe minimum. Continuing to discharge risks an empty battery and forced grid import.
2026-09-25 04:56:32 - Step 673 | Zone 2 | REJECTED [SOC_LOW] | SOC 0.000 | Proposed -0.479 -> Applied 0.100 | Battery SOC is below the safe minimum. Continuing to discharge risks an empty battery and forced grid import.
2026-09-25 04:56:32 - Step 675 | Zone 2 | REJECTED [SOC_LOW] | SOC 0.000 | Proposed -0.101 -> Applied 0.100 | Battery SOC is below the safe minimum. Continuing to discharge risks an empty battery and forced grid import.
2026-09-25 04:56:32 - Step 676 | Zone 1 | REJECTED [SOC_HIGH] | SOC 1.000 | Proposed 0.382 -> Applied -0.100 | Battery SOC is above the safe maximum. Continuing to charge risks overcharge and battery degradation.
2026-09-25 04:56:33 - Step 677 | Zone 2 | REJECTED [SOC_LOW] | SOC 0.000 | Proposed 0.070 -> Applied 0.100 | Battery SOC is below the safe minimum. Continuing to discharge risks an empty battery and forced grid import.
2026-09-25 04:56:33 - Step 678 | Zone 1 | REJECTED [SOC_HIGH] | SOC 1.000 | Proposed 0.370 -> Applied -0.100 | Battery SOC is above the safe maximum. Continuing to charge risks overcharge and battery degradation.
2026-09-25 04:56:33 - Step 678 | Zone 3 | REJECTED [SOC_LOW] | SOC 0.000 | Proposed -0.115 -> Applied 0.100 | Battery SOC is below the safe minimum. Continuing to discharge risks an empty battery and forced grid import.
2026-09-25 04:56:33 - Step 680 | Zone 1 | REJECTED [SOC_HIGH] | SOC 1.000 | Proposed 0.496 -> Applied -0.100 | Battery SOC is above the safe maximum. Continuing to charge risks overcharge and battery degradation.
2026-09-25 04:56:33 - Step 680 | Zone 3 | REJECTED [SOC_LOW] | SOC 0.000 | Proposed 0.058 -> Applied 0.100 | Battery SOC is below the safe minimum. Continuing to discharge risks an empty battery and forced grid import.
2026-09-25 04:56:33 - Step 680 | Zone 4 | REJECTED [SOC_HIGH] | SOC 1.000 | Proposed -0.013 -> Applied -0.100 | Battery SOC is above the safe maximum. Continuing to charge risks overcharge and battery degradation.
2026-09-25 04:56:34 - Step 681 | Zone 0 | REJECTED [SOC_HIGH] | SOC 1.000 | Proposed 0.273 -> Applied -0.100 | Battery SOC is above the safe maximum. Continuing to charge risks overcharge and battery degradation.
2026-09-25 04:56:34 - Step 681 | Zone 2 | REJECTED [SOC_LOW] | SOC 0.012 | Proposed -0.265 -> Applied 0.100 | Battery SOC is below the safe minimum. Continuing to discharge risks an empty battery and forced grid import.
2026-09-25 04:56:34 - Step 682 | Zone 1 | REJECTED [SOC_HIGH] | SOC 1.000 | Proposed 0.428 -> Applied -0.100 | Battery SOC is above the safe maximum. Continuing to charge risks overcharge and battery degradation.
2026-09-25 04:56:34 - Step 682 | Zone 3 | REJECTED [SOC_LOW] | SOC 0.000 | Proposed -0.382 -> Applied 0.100 | Battery SOC is below the safe minimum. Continuing to discharge risks an empty battery and forced grid import.
2026-09-25 04:56:34 - Step 683 | Zone 2 | REJECTED [SOC_LOW] | SOC 0.000 | Proposed -0.497 -> Applied 0.100 | Battery SOC is below the safe minimum. Continuing to discharge risks an empty battery and forced grid import.
2026-09-25 04:56:34 - Step 684 | Zone 3 | REJECTED [SOC_LOW] | SOC 0.000 | Proposed -0.410 -> Applied 0.100 | Battery SOC is below the safe minimum. Continuing to discharge risks an empty battery and forced grid import.
2026-09-25 04:56:35 - Step 685 | Zone 2 | REJECTED [SOC_LOW] | SOC 0.000 | Proposed -0.430 -> Applied 0.100 | Battery SOC is below the safe minimum. Continuing to discharge risks an empty battery and forced grid import.
2026-09-25 04:56:35 - Step 686 | Zone 3 | REJECTED [SOC_LOW] | SOC 0.000 | Proposed -0.350 -> Applied 0.100 | Battery SOC is below the safe minimum. Continuing to discharge risks an empty battery and forced grid import.
2026-09-25 04:56:35 - Step 687 | Zone 2 | REJECTED [SOC_LOW] | SOC 0.000 | Proposed -0.459 -> Applied 0.100 | Battery SOC is below the safe minimum. Continuing to discharge risks an empty battery and forced grid import.
2026-09-25 04:56:35 - Step 688 | Zone 3 | REJECTED [SOC_LOW] | SOC 0.000 | Proposed -0.448 -> Applied 0.100 | Battery SOC is below the safe minimum. Continuing to discharge risks an empty battery and forced grid import.
2026-09-25 04:56:36 - Step 689 | Zone 2 | REJECTED [SOC_LOW] | SOC 0.000 | Proposed -0.487 -> Applied 0.100 | Battery SOC is below the safe minimum. Continuing to discharge risks an empty battery and forced grid import.
2026-09-25 04:56:36 - Step 689 | Zone 4 | REJECTED [SOC_LOW] | SOC 0.000 | Proposed -0.423 -> Applied 0.100 | Battery SOC is below the safe minimum. Continuing to discharge risks an empty battery and forced grid import.
2026-09-25 04:56:36 - Step 690 | Zone 0 | REJECTED [SOC_LOW] | SOC 0.000 | Proposed -0.074 -> Applied 0.100 | Battery SOC is below the safe minimum. Continuing to discharge risks an empty battery and forced grid import.
2026-09-25 04:56:36 - Step 690 | Zone 3 | REJECTED [SOC_LOW] | SOC 0.000 | Proposed -0.254 -> Applied 0.100 | Battery SOC is below the safe minimum. Continuing to discharge risks an empty battery and forced grid import.
2026-09-25 04:56:36 - Step 691 | Zone 2 | REJECTED [SOC_LOW] | SOC 0.000 | Proposed -0.279 -> Applied 0.100 | Battery SOC is below the safe minimum. Continuing to discharge risks an empty battery and forced grid import.
2026-09-25 04:56:36 - Step 691 | Zone 4 | REJECTED [SOC_LOW] | SOC 0.000 | Proposed -0.437 -> Applied 0.100 | Battery SOC is below the safe minimum. Continuing to discharge risks an empty battery and forced grid import.
2026-09-25 04:56:37 - Step 693 | Zone 2 | REJECTED [SOC_LOW] | SOC 0.000 | Proposed -0.453 -> Applied 0.100 | Battery SOC is below the safe minimum. Continuing to discharge risks an empty battery and forced grid import.
2026-09-25 04:56:37 - Step 695 | Zone 2 | REJECTED [SOC_LOW] | SOC 0.000 | Proposed -0.387 -> Applied 0.100 | Battery SOC is below the safe minimum. Continuing to discharge risks an empty battery and forced grid import.
2026-09-25 04:56:37 - Step 696 | Zone 3 | REJECTED [SOC_LOW] | SOC 0.000 | Proposed 0.043 -> Applied 0.100 | Battery SOC is below the safe minimum. Continuing to discharge risks an empty battery and forced grid import.
2026-09-25 04:56:38 - Step 697 | Zone 2 | REJECTED [SOC_LOW] | SOC 0.000 | Proposed -0.470 -> Applied 0.100 | Battery SOC is below the safe minimum. Continuing to discharge risks an empty battery and forced grid import.
2026-09-25 04:56:38 - Step 697 | Zone 4 | REJECTED [SOC_LOW] | SOC 0.000 | Proposed -0.185 -> Applied 0.100 | Battery SOC is below the safe minimum. Continuing to discharge risks an empty battery and forced grid import.
2026-09-25 04:56:38 - Step 699 | Zone 2 | REJECTED [SOC_LOW] | SOC 0.000 | Proposed -0.164 -> Applied 0.100 | Battery SOC is below the safe minimum. Continuing to discharge risks an empty battery and forced grid import.
2026-09-25 04:56:39 - Step 702 | Zone 1 | REJECTED [DEMAND_SPIKE] | SOC 0.317 | Proposed 0.298 -> Applied 0.000 | Building demand exceeded the allowed multiple of its recent average. Charging now would add to a demand spike and raise peak-demand cost.
2026-09-25 04:56:39 - Step 704 | Zone 4 | REJECTED [SOC_HIGH] | SOC 1.000 | Proposed 0.096 -> Applied -0.100 | Battery SOC is above the safe maximum. Continuing to charge risks overcharge and battery degradation.
2026-09-25 04:56:39 - Step 705 | Zone 2 | REJECTED [SOC_LOW] | SOC 0.000 | Proposed -0.130 -> Applied 0.100 | Battery SOC is below the safe minimum. Continuing to discharge risks an empty battery and forced grid import.
2026-09-25 04:56:40 - Step 706 | Zone 0 | REJECTED [SOC_HIGH] | SOC 1.000 | Proposed 0.104 -> Applied -0.100 | Battery SOC is above the safe maximum. Continuing to charge risks overcharge and battery degradation.
2026-09-25 04:56:40 - Step 707 | Zone 2 | REJECTED [SOC_LOW] | SOC 0.000 | Proposed -0.471 -> Applied 0.100 | Battery SOC is below the safe minimum. Continuing to discharge risks an empty battery and forced grid import.
2026-09-25 04:56:40 - Step 707 | Zone 4 | REJECTED [SOC_HIGH] | SOC 1.000 | Proposed 0.063 -> Applied -0.100 | Battery SOC is above the safe maximum. Continuing to charge risks overcharge and battery degradation.
2026-09-25 04:56:40 - Step 708 | Zone 0 | REJECTED [SOC_HIGH] | SOC 1.000 | Proposed 0.144 -> Applied -0.100 | Battery SOC is above the safe maximum. Continuing to charge risks overcharge and battery degradation.
2026-09-25 04:56:40 - Step 709 | Zone 2 | REJECTED [SOC_LOW] | SOC 0.000 | Proposed -0.429 -> Applied 0.100 | Battery SOC is below the safe minimum. Continuing to discharge risks an empty battery and forced grid import.
2026-09-25 04:56:41 - Step 710 | Zone 1 | REJECTED [SOC_LOW] | SOC 0.039 | Proposed -0.123 -> Applied 0.100 | Battery SOC is below the safe minimum. Continuing to discharge risks an empty battery and forced grid import.
2026-09-25 04:56:41 - Step 711 | Zone 0 | REJECTED [SOC_HIGH] | SOC 1.000 | Proposed 0.447 -> Applied -0.100 | Battery SOC is above the safe maximum. Continuing to charge risks overcharge and battery degradation.
2026-09-25 04:56:41 - Step 711 | Zone 2 | REJECTED [SOC_LOW] | SOC 0.000 | Proposed -0.474 -> Applied 0.100 | Battery SOC is below the safe minimum. Continuing to discharge risks an empty battery and forced grid import.
2026-09-25 04:56:42 - Step 714 | Zone 1 | REJECTED [SOC_LOW] | SOC 0.000 | Proposed -0.096 -> Applied 0.100 | Battery SOC is below the safe minimum. Continuing to discharge risks an empty battery and forced grid import.
2026-09-25 04:56:42 - Step 715 | Zone 3 | REJECTED [DEMAND_SPIKE] | SOC 0.365 | Proposed 0.400 -> Applied 0.000 | Building demand exceeded the allowed multiple of its recent average. Charging now would add to a demand spike and raise peak-demand cost.
2026-09-25 04:56:42 - Step 715 | Zone 4 | REJECTED [SOC_LOW] | SOC 0.000 | Proposed -0.072 -> Applied 0.100 | Battery SOC is below the safe minimum. Continuing to discharge risks an empty battery and forced grid import.
2026-09-25 04:56:42 - Step 716 | Zone 2 | REJECTED [SOC_LOW] | SOC 0.000 | Proposed -0.097 -> Applied 0.100 | Battery SOC is below the safe minimum. Continuing to discharge risks an empty battery and forced grid import.
2026-09-25 04:56:43 - Step 717 | Zone 1 | REJECTED [SOC_LOW] | SOC 0.000 | Proposed -0.258 -> Applied 0.100 | Battery SOC is below the safe minimum. Continuing to discharge risks an empty battery and forced grid import.
2026-09-25 04:56:43 - Step 718 | Zone 2 | REJECTED [SOC_LOW] | SOC 0.000 | Proposed -0.429 -> Applied 0.100 | Battery SOC is below the safe minimum. Continuing to discharge risks an empty battery and forced grid import.
2026-09-25 04:56:43 - Step 719 | Zone 1 | REJECTED [SOC_LOW] | SOC 0.013 | Proposed -0.379 -> Applied 0.100 | Battery SOC is below the safe minimum. Continuing to discharge risks an empty battery and forced grid import.
2026-09-25 04:56:43 - Step 720 | Zone 2 | REJECTED [SOC_LOW] | SOC 0.044 | Proposed -0.092 -> Applied 0.100 | Battery SOC is below the safe minimum. Continuing to discharge risks an empty battery and forced grid import.
2026-09-25 04:56:44 - Step 721 | Zone 0 | REJECTED [SOC_LOW] | SOC 0.000 | Proposed -0.244 -> Applied 0.100 | Battery SOC is below the safe minimum. Continuing to discharge risks an empty battery and forced grid import.
2026-09-25 04:56:44 - Step 721 | Zone 4 | REJECTED [SOC_LOW] | SOC 0.000 | Proposed 0.010 -> Applied 0.100 | Battery SOC is below the safe minimum. Continuing to discharge risks an empty battery and forced grid import.
2026-09-25 04:56:44 - Step 722 | Zone 2 | REJECTED [SOC_LOW] | SOC 0.000 | Proposed -0.020 -> Applied 0.100 | Battery SOC is below the safe minimum. Continuing to discharge risks an empty battery and forced grid import.
2026-09-25 04:56:44 - Step 723 | Zone 1 | REJECTED [SOC_LOW] | SOC 0.000 | Proposed -0.469 -> Applied 0.100 | Battery SOC is below the safe minimum. Continuing to discharge risks an empty battery and forced grid import.
2026-09-25 04:56:44 - Step 723 | Zone 3 | REJECTED [SOC_LOW] | SOC 0.039 | Proposed -0.366 -> Applied 0.100 | Battery SOC is below the safe minimum. Continuing to discharge risks an empty battery and forced grid import.
2026-09-25 04:56:45 - Step 726 | Zone 0 | REJECTED [SOC_HIGH] | SOC 0.976 | Proposed 0.279 -> Applied -0.100 | Battery SOC is above the safe maximum. Continuing to charge risks overcharge and battery degradation.
2026-09-25 04:56:45 - Step 726 | Zone 4 | REJECTED [SOC_HIGH] | SOC 0.960 | Proposed -0.091 -> Applied -0.100 | Battery SOC is above the safe maximum. Continuing to charge risks overcharge and battery degradation.
2026-09-25 04:56:45 - Step 727 | Zone 3 | REJECTED [SOC_HIGH] | SOC 1.000 | Proposed 0.058 -> Applied -0.100 | Battery SOC is above the safe maximum. Continuing to charge risks overcharge and battery degradation.
2026-09-25 04:56:46 - Step 728 | Zone 0 | REJECTED [SOC_HIGH] | SOC 1.000 | Proposed 0.325 -> Applied -0.100 | Battery SOC is above the safe maximum. Continuing to charge risks overcharge and battery degradation.
2026-09-25 04:56:46 - Step 728 | Zone 4 | REJECTED [SOC_HIGH] | SOC 1.000 | Proposed -0.027 -> Applied -0.100 | Battery SOC is above the safe maximum. Continuing to charge risks overcharge and battery degradation.
2026-09-25 04:56:46 - Step 730 | Zone 4 | REJECTED [SOC_HIGH] | SOC 1.000 | Proposed 0.474 -> Applied -0.100 | Battery SOC is above the safe maximum. Continuing to charge risks overcharge and battery degradation.
2026-09-25 04:56:46 - Step 731 | Zone 1 | REJECTED [SOC_LOW] | SOC 0.000 | Proposed -0.443 -> Applied 0.100 | Battery SOC is below the safe minimum. Continuing to discharge risks an empty battery and forced grid import.
2026-09-25 04:56:47 - Step 732 | Zone 4 | REJECTED [SOC_HIGH] | SOC 1.000 | Proposed 0.128 -> Applied -0.100 | Battery SOC is above the safe maximum. Continuing to charge risks overcharge and battery degradation.
2026-09-25 04:56:47 - Step 733 | Zone 1 | REJECTED [SOC_LOW] | SOC 0.000 | Proposed -0.375 -> Applied 0.100 | Battery SOC is below the safe minimum. Continuing to discharge risks an empty battery and forced grid import.
2026-09-25 04:56:47 - Step 734 | Zone 0 | REJECTED [DEMAND_SPIKE] | SOC 0.525 | Proposed 0.278 -> Applied 0.000 | Building demand exceeded the allowed multiple of its recent average. Charging now would add to a demand spike and raise peak-demand cost.
2026-09-25 04:56:47 - Step 735 | Zone 3 | REJECTED [SOC_LOW] | SOC 0.001 | Proposed -0.207 -> Applied 0.100 | Battery SOC is below the safe minimum. Continuing to discharge risks an empty battery and forced grid import.
2026-09-25 04:56:48 - Step 736 | Zone 2 | REJECTED [SOC_LOW] | SOC 0.000 | Proposed 0.076 -> Applied 0.100 | Battery SOC is below the safe minimum. Continuing to discharge risks an empty battery and forced grid import.
2026-09-25 04:56:48 - Step 738 | Zone 1 | REJECTED [SOC_LOW] | SOC 0.000 | Proposed -0.379 -> Applied 0.100 | Battery SOC is below the safe minimum. Continuing to discharge risks an empty battery and forced grid import.
2026-09-25 04:56:48 - Step 739 | Zone 4 | REJECTED [SOC_LOW] | SOC 0.000 | Proposed -0.341 -> Applied 0.100 | Battery SOC is below the safe minimum. Continuing to discharge risks an empty battery and forced grid import.
2026-09-25 04:56:48 - Step 740 | Zone 1 | REJECTED [SOC_LOW] | SOC 0.000 | Proposed 0.087 -> Applied 0.100 | Battery SOC is below the safe minimum. Continuing to discharge risks an empty battery and forced grid import.
2026-09-25 04:56:50 - Step 745 | Zone 0 | REJECTED [SOC_LOW] | SOC 0.000 | Proposed -0.281 -> Applied 0.100 | Battery SOC is below the safe minimum. Continuing to discharge risks an empty battery and forced grid import.
2026-09-25 04:56:50 - Step 748 | Zone 1 | REJECTED [SOC_HIGH] | SOC 1.000 | Proposed 0.414 -> Applied -0.100 | Battery SOC is above the safe maximum. Continuing to charge risks overcharge and battery degradation.
2026-09-25 04:56:51 - Step 750 | Zone 1 | REJECTED [SOC_HIGH] | SOC 1.000 | Proposed 0.378 -> Applied -0.100 | Battery SOC is above the safe maximum. Continuing to charge risks overcharge and battery degradation.
2026-09-25 04:56:51 - Step 751 | Zone 2 | REJECTED [SOC_LOW] | SOC 0.000 | Proposed 0.056 -> Applied 0.100 | Battery SOC is below the safe minimum. Continuing to discharge risks an empty battery and forced grid import.
2026-09-25 04:56:51 - Step 752 | Zone 1 | REJECTED [SOC_HIGH] | SOC 1.000 | Proposed 0.412 -> Applied -0.100 | Battery SOC is above the safe maximum. Continuing to charge risks overcharge and battery degradation.
2026-09-25 04:56:52 - Step 754 | Zone 1 | REJECTED [SOC_HIGH] | SOC 1.000 | Proposed 0.185 -> Applied -0.100 | Battery SOC is above the safe maximum. Continuing to charge risks overcharge and battery degradation.
2026-09-25 04:56:52 - Step 755 | Zone 0 | REJECTED [DEMAND_SPIKE] | SOC 0.716 | Proposed 0.346 -> Applied 0.000 | Building demand exceeded the allowed multiple of its recent average. Charging now would add to a demand spike and raise peak-demand cost.
2026-09-25 04:56:52 - Step 756 | Zone 1 | REJECTED [SOC_HIGH] | SOC 1.000 | Proposed 0.429 -> Applied -0.100 | Battery SOC is above the safe maximum. Continuing to charge risks overcharge and battery degradation.
2026-09-25 04:56:53 - Step 757 | Zone 3 | REJECTED [SOC_LOW] | SOC 0.000 | Proposed 0.004 -> Applied 0.100 | Battery SOC is below the safe minimum. Continuing to discharge risks an empty battery and forced grid import.
2026-09-25 04:56:53 - Step 758 | Zone 2 | REJECTED [SOC_LOW] | SOC 0.000 | Proposed -0.434 -> Applied 0.100 | Battery SOC is below the safe minimum. Continuing to discharge risks an empty battery and forced grid import.
2026-09-25 04:56:53 - Step 759 | Zone 3 | REJECTED [SOC_LOW] | SOC 0.000 | Proposed -0.071 -> Applied 0.100 | Battery SOC is below the safe minimum. Continuing to discharge risks an empty battery and forced grid import.
2026-09-25 04:56:53 - Step 760 | Zone 2 | REJECTED [SOC_LOW] | SOC 0.000 | Proposed -0.119 -> Applied 0.100 | Battery SOC is below the safe minimum. Continuing to discharge risks an empty battery and forced grid import.
2026-09-25 04:56:54 - Step 762 | Zone 2 | REJECTED [SOC_LOW] | SOC 0.000 | Proposed 0.061 -> Applied 0.100 | Battery SOC is below the safe minimum. Continuing to discharge risks an empty battery and forced grid import.
2026-09-25 04:56:54 - Step 762 | Zone 3 | REJECTED [DEMAND_SPIKE] | SOC 0.217 | Proposed 0.125 -> Applied 0.000 | Building demand exceeded the allowed multiple of its recent average. Charging now would add to a demand spike and raise peak-demand cost.
2026-09-25 04:56:54 - Step 763 | Zone 1 | REJECTED [SOC_HIGH] | SOC 1.000 | Proposed 0.474 -> Applied -0.100 | Battery SOC is above the safe maximum. Continuing to charge risks overcharge and battery degradation.
2026-09-25 04:56:54 - Step 763 | Zone 4 | REJECTED [SOC_LOW] | SOC 0.000 | Proposed -0.391 -> Applied 0.100 | Battery SOC is below the safe minimum. Continuing to discharge risks an empty battery and forced grid import.
2026-09-25 04:56:54 - Step 764 | Zone 2 | REJECTED [SOC_LOW] | SOC 0.019 | Proposed -0.213 -> Applied 0.100 | Battery SOC is below the safe minimum. Continuing to discharge risks an empty battery and forced grid import.
2026-09-25 04:56:55 - Step 765 | Zone 1 | REJECTED [SOC_HIGH] | SOC 1.000 | Proposed -0.057 -> Applied -0.100 | Battery SOC is above the safe maximum. Continuing to charge risks overcharge and battery degradation.
2026-09-25 04:56:55 - Step 767 | Zone 4 | REJECTED [SOC_LOW] | SOC 0.000 | Proposed -0.023 -> Applied 0.100 | Battery SOC is below the safe minimum. Continuing to discharge risks an empty battery and forced grid import.
2026-09-25 04:56:55 - Step 769 | Zone 3 | REJECTED [SOC_LOW] | SOC 0.035 | Proposed -0.442 -> Applied 0.100 | Battery SOC is below the safe minimum. Continuing to discharge risks an empty battery and forced grid import.
2026-09-25 04:56:56 - Step 771 | Zone 2 | REJECTED [SOC_LOW] | SOC 0.000 | Proposed -0.021 -> Applied 0.100 | Battery SOC is below the safe minimum. Continuing to discharge risks an empty battery and forced grid import.
2026-09-25 04:56:56 - Step 771 | Zone 3 | REJECTED [SOC_LOW] | SOC 0.000 | Proposed -0.311 -> Applied 0.100 | Battery SOC is below the safe minimum. Continuing to discharge risks an empty battery and forced grid import.
2026-09-25 04:56:56 - Step 773 | Zone 3 | REJECTED [SOC_LOW] | SOC 0.000 | Proposed -0.323 -> Applied 0.100 | Battery SOC is below the safe minimum. Continuing to discharge risks an empty battery and forced grid import.
2026-09-25 04:56:57 - Step 774 | Zone 1 | REJECTED [SOC_HIGH] | SOC 1.000 | Proposed 0.184 -> Applied -0.100 | Battery SOC is above the safe maximum. Continuing to charge risks overcharge and battery degradation.
2026-09-25 04:56:57 - Step 774 | Zone 4 | REJECTED [SOC_HIGH] | SOC 1.000 | Proposed 0.024 -> Applied -0.100 | Battery SOC is above the safe maximum. Continuing to charge risks overcharge and battery degradation.
2026-09-25 04:56:57 - Step 775 | Zone 3 | REJECTED [SOC_LOW] | SOC 0.000 | Proposed -0.371 -> Applied 0.100 | Battery SOC is below the safe minimum. Continuing to discharge risks an empty battery and forced grid import.
2026-09-25 04:56:57 - Step 776 | Zone 1 | REJECTED [SOC_HIGH] | SOC 1.000 | Proposed 0.318 -> Applied -0.100 | Battery SOC is above the safe maximum. Continuing to charge risks overcharge and battery degradation.
2026-09-25 04:56:57 - Step 776 | Zone 4 | REJECTED [SOC_HIGH] | SOC 1.000 | Proposed 0.386 -> Applied -0.100 | Battery SOC is above the safe maximum. Continuing to charge risks overcharge and battery degradation.
2026-09-25 04:56:57 - Step 777 | Zone 0 | REJECTED [SOC_HIGH] | SOC 1.000 | Proposed 0.146 -> Applied -0.100 | Battery SOC is above the safe maximum. Continuing to charge risks overcharge and battery degradation.
2026-09-25 04:56:57 - Step 777 | Zone 3 | REJECTED [SOC_LOW] | SOC 0.000 | Proposed -0.465 -> Applied 0.100 | Battery SOC is below the safe minimum. Continuing to discharge risks an empty battery and forced grid import.
2026-09-25 04:56:58 - Step 778 | Zone 1 | REJECTED [SOC_HIGH] | SOC 1.000 | Proposed 0.368 -> Applied -0.100 | Battery SOC is above the safe maximum. Continuing to charge risks overcharge and battery degradation.
2026-09-25 04:56:58 - Step 779 | Zone 0 | REJECTED [SOC_HIGH] | SOC 1.000 | Proposed -0.074 -> Applied -0.100 | Battery SOC is above the safe maximum. Continuing to charge risks overcharge and battery degradation.
2026-09-25 04:56:58 - Step 779 | Zone 3 | REJECTED [SOC_LOW] | SOC 0.000 | Proposed -0.402 -> Applied 0.100 | Battery SOC is below the safe minimum. Continuing to discharge risks an empty battery and forced grid import.
2026-09-25 04:56:58 - Step 779 | Zone 4 | REJECTED [SOC_HIGH] | SOC 1.000 | Proposed 0.448 -> Applied -0.100 | Battery SOC is above the safe maximum. Continuing to charge risks overcharge and battery degradation.
2026-09-25 04:56:58 - Step 781 | Zone 2 | REJECTED [SOC_HIGH] | SOC 0.974 | Proposed 0.014 -> Applied -0.100 | Battery SOC is above the safe maximum. Continuing to charge risks overcharge and battery degradation.
2026-09-25 04:56:58 - Step 781 | Zone 3 | REJECTED [SOC_LOW] | SOC 0.000 | Proposed -0.488 -> Applied 0.100 | Battery SOC is below the safe minimum. Continuing to discharge risks an empty battery and forced grid import.
2026-09-25 04:56:59 - Step 785 | Zone 4 | REJECTED [SOC_LOW] | SOC 0.000 | Proposed -0.367 -> Applied 0.100 | Battery SOC is below the safe minimum. Continuing to discharge risks an empty battery and forced grid import.
2026-09-25 04:57:00 - Step 788 | Zone 3 | REJECTED [SOC_LOW] | SOC 0.000 | Proposed 0.032 -> Applied 0.100 | Battery SOC is below the safe minimum. Continuing to discharge risks an empty battery and forced grid import.
2026-09-25 04:57:00 - Step 788 | Zone 4 | REJECTED [SOC_LOW] | SOC 0.000 | Proposed 0.055 -> Applied 0.100 | Battery SOC is below the safe minimum. Continuing to discharge risks an empty battery and forced grid import.
2026-09-25 04:57:01 - Step 793 | Zone 3 | REJECTED [SOC_LOW] | SOC 0.000 | Proposed -0.049 -> Applied 0.100 | Battery SOC is below the safe minimum. Continuing to discharge risks an empty battery and forced grid import.
2026-09-25 04:57:02 - Step 797 | Zone 0 | REJECTED [SOC_LOW] | SOC 0.043 | Proposed -0.165 -> Applied 0.100 | Battery SOC is below the safe minimum. Continuing to discharge risks an empty battery and forced grid import.
2026-09-25 04:57:02 - Step 798 | Zone 3 | REJECTED [SOC_HIGH] | SOC 1.000 | Proposed 0.187 -> Applied -0.100 | Battery SOC is above the safe maximum. Continuing to charge risks overcharge and battery degradation.
2026-09-25 04:57:02 - Step 799 | Zone 1 | REJECTED [SOC_HIGH] | SOC 1.000 | Proposed 0.325 -> Applied -0.100 | Battery SOC is above the safe maximum. Continuing to charge risks overcharge and battery degradation.
2026-09-25 04:57:03 - Step 800 | Zone 2 | REJECTED [SOC_HIGH] | SOC 0.959 | Proposed 0.420 -> Applied -0.100 | Battery SOC is above the safe maximum. Continuing to charge risks overcharge and battery degradation.
2026-09-25 04:57:03 - Step 801 | Zone 0 | REJECTED [SOC_LOW] | SOC 0.000 | Proposed -0.046 -> Applied 0.100 | Battery SOC is below the safe minimum. Continuing to discharge risks an empty battery and forced grid import.
2026-09-25 04:57:03 - Step 801 | Zone 1 | REJECTED [SOC_LOW] | SOC 0.000 | Proposed -0.124 -> Applied 0.100 | Battery SOC is below the safe minimum. Continuing to discharge risks an empty battery and forced grid import.
2026-09-25 04:57:03 - Step 801 | Zone 3 | REJECTED [SOC_LOW] | SOC 0.000 | Proposed -0.110 -> Applied 0.100 | Battery SOC is below the safe minimum. Continuing to discharge risks an empty battery and forced grid import.
2026-09-25 04:57:03 - Step 801 | Zone 4 | REJECTED [SOC_LOW] | SOC 0.000 | Proposed -0.035 -> Applied 0.100 | Battery SOC is below the safe minimum. Continuing to discharge risks an empty battery and forced grid import.
2026-09-25 04:57:04 - Step 805 | Zone 2 | REJECTED [SOC_LOW] | SOC 0.000 | Proposed -0.078 -> Applied 0.100 | Battery SOC is below the safe minimum. Continuing to discharge risks an empty battery and forced grid import.
2026-09-25 04:57:04 - Step 807 | Zone 2 | REJECTED [SOC_LOW] | SOC 0.000 | Proposed -0.077 -> Applied 0.100 | Battery SOC is below the safe minimum. Continuing to discharge risks an empty battery and forced grid import.
2026-09-25 04:57:05 - Step 811 | Zone 1 | REJECTED [SOC_HIGH] | SOC 1.000 | Proposed 0.391 -> Applied -0.100 | Battery SOC is above the safe maximum. Continuing to charge risks overcharge and battery degradation.
2026-09-25 04:57:06 - Step 813 | Zone 0 | REJECTED [SOC_HIGH] | SOC 1.000 | Proposed 0.230 -> Applied -0.100 | Battery SOC is above the safe maximum. Continuing to charge risks overcharge and battery degradation.
2026-09-25 04:57:06 - Step 813 | Zone 1 | REJECTED [SOC_HIGH] | SOC 1.000 | Proposed 0.140 -> Applied -0.100 | Battery SOC is above the safe maximum. Continuing to charge risks overcharge and battery degradation.
2026-09-25 04:57:06 - Step 815 | Zone 0 | REJECTED [SOC_HIGH] | SOC 1.000 | Proposed -0.076 -> Applied -0.100 | Battery SOC is above the safe maximum. Continuing to charge risks overcharge and battery degradation.
2026-09-25 04:57:06 - Step 816 | Zone 1 | REJECTED [SOC_HIGH] | SOC 0.964 | Proposed 0.282 -> Applied -0.100 | Battery SOC is above the safe maximum. Continuing to charge risks overcharge and battery degradation.
2026-09-25 04:57:07 - Step 817 | Zone 0 | REJECTED [SOC_HIGH] | SOC 1.000 | Proposed 0.399 -> Applied -0.100 | Battery SOC is above the safe maximum. Continuing to charge risks overcharge and battery degradation.
2026-09-25 04:57:07 - Step 818 | Zone 2 | REJECTED [SOC_HIGH] | SOC 1.000 | Proposed 0.483 -> Applied -0.100 | Battery SOC is above the safe maximum. Continuing to charge risks overcharge and battery degradation.
2026-09-25 04:57:07 - Step 818 | Zone 3 | REJECTED [SOC_HIGH] | SOC 1.000 | Proposed -0.066 -> Applied -0.100 | Battery SOC is above the safe maximum. Continuing to charge risks overcharge and battery degradation.
2026-09-25 04:57:07 - Step 819 | Zone 0 | REJECTED [SOC_HIGH] | SOC 1.000 | Proposed 0.312 -> Applied -0.100 | Battery SOC is above the safe maximum. Continuing to charge risks overcharge and battery degradation.
2026-09-25 04:57:07 - Step 820 | Zone 2 | REJECTED [SOC_HIGH] | SOC 1.000 | Proposed 0.338 -> Applied -0.100 | Battery SOC is above the safe maximum. Continuing to charge risks overcharge and battery degradation.
2026-09-25 04:57:08 - Step 821 | Zone 0 | REJECTED [SOC_HIGH] | SOC 1.000 | Proposed -0.016 -> Applied -0.100 | Battery SOC is above the safe maximum. Continuing to charge risks overcharge and battery degradation.
2026-09-25 04:57:08 - Step 821 | Zone 1 | REJECTED [SOC_HIGH] | SOC 1.000 | Proposed 0.312 -> Applied -0.100 | Battery SOC is above the safe maximum. Continuing to charge risks overcharge and battery degradation.
2026-09-25 04:57:08 - Step 823 | Zone 2 | REJECTED [SOC_HIGH] | SOC 0.981 | Proposed 0.390 -> Applied -0.100 | Battery SOC is above the safe maximum. Continuing to charge risks overcharge and battery degradation.
2026-09-25 04:57:08 - Step 824 | Zone 0 | REJECTED [DEMAND_SPIKE] | SOC 0.859 | Proposed 0.225 -> Applied 0.000 | Building demand exceeded the allowed multiple of its recent average. Charging now would add to a demand spike and raise peak-demand cost.
2026-09-25 04:57:08 - Step 824 | Zone 4 | REJECTED [SOC_LOW] | SOC 0.000 | Proposed -0.147 -> Applied 0.100 | Battery SOC is below the safe minimum. Continuing to discharge risks an empty battery and forced grid import.
2026-09-25 04:57:09 - Step 826 | Zone 1 | REJECTED [DEMAND_SPIKE] | SOC 0.935 | Proposed 0.112 -> Applied 0.000 | Building demand exceeded the allowed multiple of its recent average. Charging now would add to a demand spike and raise peak-demand cost.
2026-09-25 04:57:09 - Step 826 | Zone 4 | REJECTED [SOC_LOW] | SOC 0.045 | Proposed -0.421 -> Applied 0.100 | Battery SOC is below the safe minimum. Continuing to discharge risks an empty battery and forced grid import.
2026-09-25 04:57:09 - Step 827 | Zone 2 | REJECTED [SOC_HIGH] | SOC 0.957 | Proposed -0.037 -> Applied -0.100 | Battery SOC is above the safe maximum. Continuing to charge risks overcharge and battery degradation.
2026-09-25 04:57:09 - Step 827 | Zone 3 | REJECTED [SOC_LOW] | SOC 0.000 | Proposed -0.266 -> Applied 0.100 | Battery SOC is below the safe minimum. Continuing to discharge risks an empty battery and forced grid import.
2026-09-25 04:57:11 - Step 834 | Zone 3 | REJECTED [SOC_LOW] | SOC 0.000 | Proposed -0.422 -> Applied 0.100 | Battery SOC is below the safe minimum. Continuing to discharge risks an empty battery and forced grid import.
2026-09-25 04:57:11 - Step 837 | Zone 4 | REJECTED [SOC_HIGH] | SOC 1.000 | Proposed -0.041 -> Applied -0.100 | Battery SOC is above the safe maximum. Continuing to charge risks overcharge and battery degradation.
2026-09-25 04:57:11 - Step 838 | Zone 0 | REJECTED [SOC_HIGH] | SOC 1.000 | Proposed -0.044 -> Applied -0.100 | Battery SOC is above the safe maximum. Continuing to charge risks overcharge and battery degradation.
2026-09-25 04:57:12 - Step 839 | Zone 1 | REJECTED [SOC_HIGH] | SOC 1.000 | Proposed -0.072 -> Applied -0.100 | Battery SOC is above the safe maximum. Continuing to charge risks overcharge and battery degradation.
2026-09-25 04:57:12 - Step 839 | Zone 3 | REJECTED [SOC_LOW] | SOC 0.040 | Proposed 0.036 -> Applied 0.100 | Battery SOC is below the safe minimum. Continuing to discharge risks an empty battery and forced grid import.
2026-09-25 04:57:12 - Step 839 | Zone 4 | REJECTED [SOC_HIGH] | SOC 1.000 | Proposed 0.040 -> Applied -0.100 | Battery SOC is above the safe maximum. Continuing to charge risks overcharge and battery degradation.
2026-09-25 04:57:12 - Step 840 | Zone 0 | REJECTED [SOC_HIGH] | SOC 1.000 | Proposed 0.480 -> Applied -0.100 | Battery SOC is above the safe maximum. Continuing to charge risks overcharge and battery degradation.
2026-09-25 04:57:12 - Step 840 | Zone 2 | REJECTED [DEMAND_SPIKE] | SOC 0.554 | Proposed 0.236 -> Applied 0.000 | Building demand exceeded the allowed multiple of its recent average. Charging now would add to a demand spike and raise peak-demand cost.
2026-09-25 04:57:12 - Step 841 | Zone 4 | REJECTED [SOC_HIGH] | SOC 1.000 | Proposed 0.054 -> Applied -0.100 | Battery SOC is above the safe maximum. Continuing to charge risks overcharge and battery degradation.
2026-09-25 04:57:12 - Step 842 | Zone 0 | REJECTED [SOC_HIGH] | SOC 1.000 | Proposed 0.239 -> Applied -0.100 | Battery SOC is above the safe maximum. Continuing to charge risks overcharge and battery degradation.
2026-09-25 04:57:12 - Step 842 | Zone 3 | REJECTED [SOC_LOW] | SOC 0.000 | Proposed -0.287 -> Applied 0.100 | Battery SOC is below the safe minimum. Continuing to discharge risks an empty battery and forced grid import.
2026-09-25 04:57:13 - Step 844 | Zone 1 | REJECTED [SOC_LOW] | SOC 0.001 | Proposed -0.313 -> Applied 0.100 | Battery SOC is below the safe minimum. Continuing to discharge risks an empty battery and forced grid import.
2026-09-25 04:57:13 - Step 844 | Zone 3 | REJECTED [SOC_LOW] | SOC 0.000 | Proposed -0.477 -> Applied 0.100 | Battery SOC is below the safe minimum. Continuing to discharge risks an empty battery and forced grid import.
2026-09-25 04:57:14 - Step 848 | Zone 2 | REJECTED [SOC_LOW] | SOC 0.000 | Proposed -0.294 -> Applied 0.100 | Battery SOC is below the safe minimum. Continuing to discharge risks an empty battery and forced grid import.
2026-09-25 04:57:14 - Step 849 | Zone 0 | REJECTED [SOC_HIGH] | SOC 1.000 | Proposed 0.219 -> Applied -0.100 | Battery SOC is above the safe maximum. Continuing to charge risks overcharge and battery degradation.
2026-09-25 04:57:14 - Step 850 | Zone 2 | REJECTED [SOC_LOW] | SOC 0.000 | Proposed -0.324 -> Applied 0.100 | Battery SOC is below the safe minimum. Continuing to discharge risks an empty battery and forced grid import.
2026-09-25 04:57:15 - Step 853 | Zone 3 | REJECTED [SOC_HIGH] | SOC 1.000 | Proposed -0.038 -> Applied -0.100 | Battery SOC is above the safe maximum. Continuing to charge risks overcharge and battery degradation.
2026-09-25 04:57:15 - Step 854 | Zone 4 | REJECTED [SOC_LOW] | SOC 0.000 | Proposed -0.420 -> Applied 0.100 | Battery SOC is below the safe minimum. Continuing to discharge risks an empty battery and forced grid import.
2026-09-25 04:57:16 - Step 856 | Zone 3 | REJECTED [SOC_HIGH] | SOC 0.984 | Proposed 0.099 -> Applied -0.100 | Battery SOC is above the safe maximum. Continuing to charge risks overcharge and battery degradation.
2026-09-25 04:57:17 - Step 861 | Zone 1 | REJECTED [SOC_HIGH] | SOC 1.000 | Proposed 0.201 -> Applied -0.100 | Battery SOC is above the safe maximum. Continuing to charge risks overcharge and battery degradation.
2026-09-25 04:57:18 - Step 864 | Zone 0 | REJECTED [SOC_HIGH] | SOC 1.000 | Proposed 0.385 -> Applied -0.100 | Battery SOC is above the safe maximum. Continuing to charge risks overcharge and battery degradation.
2026-09-25 04:57:18 - Step 864 | Zone 2 | REJECTED [DEMAND_SPIKE] | SOC 0.758 | Proposed 0.068 -> Applied 0.000 | Building demand exceeded the allowed multiple of its recent average. Charging now would add to a demand spike and raise peak-demand cost.
2026-09-25 04:57:18 - Step 865 | Zone 1 | REJECTED [SOC_LOW] | SOC 0.000 | Proposed -0.352 -> Applied 0.100 | Battery SOC is below the safe minimum. Continuing to discharge risks an empty battery and forced grid import.
2026-09-25 04:57:18 - Step 866 | Zone 4 | REJECTED [SOC_HIGH] | SOC 1.000 | Proposed 0.335 -> Applied -0.100 | Battery SOC is above the safe maximum. Continuing to charge risks overcharge and battery degradation.
2026-09-25 04:57:19 - Step 868 | Zone 0 | REJECTED [SOC_HIGH] | SOC 1.000 | Proposed 0.042 -> Applied -0.100 | Battery SOC is above the safe maximum. Continuing to charge risks overcharge and battery degradation.
2026-09-25 04:57:19 - Step 868 | Zone 3 | REJECTED [SOC_HIGH] | SOC 0.978 | Proposed -0.098 -> Applied -0.100 | Battery SOC is above the safe maximum. Continuing to charge risks overcharge and battery degradation.
2026-09-25 04:57:19 - Step 869 | Zone 1 | REJECTED [SOC_LOW] | SOC 0.021 | Proposed -0.340 -> Applied 0.100 | Battery SOC is below the safe minimum. Continuing to discharge risks an empty battery and forced grid import.
2026-09-25 04:57:19 - Step 871 | Zone 1 | REJECTED [SOC_LOW] | SOC 0.028 | Proposed -0.052 -> Applied 0.100 | Battery SOC is below the safe minimum. Continuing to discharge risks an empty battery and forced grid import.
2026-09-25 04:57:19 - Step 872 | Zone 3 | REJECTED [SOC_LOW] | SOC 0.000 | Proposed -0.493 -> Applied 0.100 | Battery SOC is below the safe minimum. Continuing to discharge risks an empty battery and forced grid import.
2026-09-25 04:57:20 - Step 876 | Zone 0 | REJECTED [SOC_HIGH] | SOC 1.000 | Proposed -0.044 -> Applied -0.100 | Battery SOC is above the safe maximum. Continuing to charge risks overcharge and battery degradation.
2026-09-25 04:57:20 - Step 876 | Zone 2 | REJECTED [SOC_LOW] | SOC 0.002 | Proposed -0.304 -> Applied 0.100 | Battery SOC is below the safe minimum. Continuing to discharge risks an empty battery and forced grid import.
2026-09-25 04:57:21 - Step 880 | Zone 3 | REJECTED [SOC_LOW] | SOC 0.002 | Proposed -0.339 -> Applied 0.100 | Battery SOC is below the safe minimum. Continuing to discharge risks an empty battery and forced grid import.
2026-09-25 04:57:22 - Step 881 | Zone 2 | REJECTED [SOC_LOW] | SOC 0.000 | Proposed -0.404 -> Applied 0.100 | Battery SOC is below the safe minimum. Continuing to discharge risks an empty battery and forced grid import.
2026-09-25 04:57:22 - Step 883 | Zone 1 | REJECTED [SOC_HIGH] | SOC 1.000 | Proposed -0.097 -> Applied -0.100 | Battery SOC is above the safe maximum. Continuing to charge risks overcharge and battery degradation.
2026-09-25 04:57:23 - Step 886 | Zone 1 | REJECTED [SOC_HIGH] | SOC 1.000 | Proposed 0.467 -> Applied -0.100 | Battery SOC is above the safe maximum. Continuing to charge risks overcharge and battery degradation.
2026-09-25 04:57:24 - Step 889 | Zone 0 | REJECTED [SOC_HIGH] | SOC 1.000 | Proposed 0.382 -> Applied -0.100 | Battery SOC is above the safe maximum. Continuing to charge risks overcharge and battery degradation.
2026-09-25 04:57:24 - Step 889 | Zone 2 | REJECTED [SOC_HIGH] | SOC 1.000 | Proposed -0.003 -> Applied -0.100 | Battery SOC is above the safe maximum. Continuing to charge risks overcharge and battery degradation.
2026-09-25 04:57:24 - Step 891 | Zone 0 | REJECTED [SOC_HIGH] | SOC 1.000 | Proposed 0.247 -> Applied -0.100 | Battery SOC is above the safe maximum. Continuing to charge risks overcharge and battery degradation.
2026-09-25 04:57:24 - Step 891 | Zone 3 | REJECTED [SOC_HIGH] | SOC 0.978 | Proposed -0.040 -> Applied -0.100 | Battery SOC is above the safe maximum. Continuing to charge risks overcharge and battery degradation.
2026-09-25 04:57:24 - Step 891 | Zone 4 | REJECTED [SOC_HIGH] | SOC 1.000 | Proposed 0.152 -> Applied -0.100 | Battery SOC is above the safe maximum. Continuing to charge risks overcharge and battery degradation.
2026-09-25 04:57:25 - Step 893 | Zone 0 | REJECTED [SOC_HIGH] | SOC 1.000 | Proposed 0.288 -> Applied -0.100 | Battery SOC is above the safe maximum. Continuing to charge risks overcharge and battery degradation.
2026-09-25 04:57:25 - Step 893 | Zone 1 | REJECTED [DEMAND_SPIKE] | SOC 0.547 | Proposed 0.215 -> Applied 0.000 | Building demand exceeded the allowed multiple of its recent average. Charging now would add to a demand spike and raise peak-demand cost.
2026-09-25 04:57:26 - Step 900 | Zone 1 | REJECTED [SOC_LOW] | SOC 0.000 | Proposed -0.201 -> Applied 0.100 | Battery SOC is below the safe minimum. Continuing to discharge risks an empty battery and forced grid import.
2026-09-25 04:57:27 - Step 902 | Zone 2 | REJECTED [SOC_LOW] | SOC 0.047 | Proposed -0.326 -> Applied 0.100 | Battery SOC is below the safe minimum. Continuing to discharge risks an empty battery and forced grid import.
2026-09-25 04:57:27 - Step 902 | Zone 4 | REJECTED [SOC_LOW] | SOC 0.000 | Proposed 0.018 -> Applied 0.100 | Battery SOC is below the safe minimum. Continuing to discharge risks an empty battery and forced grid import.
2026-09-25 04:57:27 - Step 903 | Zone 1 | REJECTED [SOC_LOW] | SOC 0.000 | Proposed -0.059 -> Applied 0.100 | Battery SOC is below the safe minimum. Continuing to discharge risks an empty battery and forced grid import.
2026-09-25 04:57:27 - Step 904 | Zone 2 | REJECTED [SOC_LOW] | SOC 0.032 | Proposed -0.354 -> Applied 0.100 | Battery SOC is below the safe minimum. Continuing to discharge risks an empty battery and forced grid import.
2026-09-25 04:57:27 - Step 904 | Zone 3 | REJECTED [SOC_LOW] | SOC 0.000 | Proposed -0.205 -> Applied 0.100 | Battery SOC is below the safe minimum. Continuing to discharge risks an empty battery and forced grid import.
2026-09-25 04:57:27 - Step 906 | Zone 3 | REJECTED [SOC_LOW] | SOC 0.000 | Proposed 0.074 -> Applied 0.100 | Battery SOC is below the safe minimum. Continuing to discharge risks an empty battery and forced grid import.
2026-09-25 04:57:28 - Step 908 | Zone 3 | REJECTED [SOC_LOW] | SOC 0.000 | Proposed 0.075 -> Applied 0.100 | Battery SOC is below the safe minimum. Continuing to discharge risks an empty battery and forced grid import.
2026-09-25 04:57:28 - Step 909 | Zone 1 | REJECTED [SOC_HIGH] | SOC 1.000 | Proposed 0.185 -> Applied -0.100 | Battery SOC is above the safe maximum. Continuing to charge risks overcharge and battery degradation.
2026-09-25 04:57:29 - Step 912 | Zone 0 | REJECTED [SOC_HIGH] | SOC 1.000 | Proposed 0.152 -> Applied -0.100 | Battery SOC is above the safe maximum. Continuing to charge risks overcharge and battery degradation.
2026-09-25 04:57:29 - Step 912 | Zone 4 | REJECTED [SOC_HIGH] | SOC 1.000 | Proposed 0.136 -> Applied -0.100 | Battery SOC is above the safe maximum. Continuing to charge risks overcharge and battery degradation.
2026-09-25 04:57:29 - Step 913 | Zone 1 | REJECTED [SOC_HIGH] | SOC 1.000 | Proposed 0.347 -> Applied -0.100 | Battery SOC is above the safe maximum. Continuing to charge risks overcharge and battery degradation.
2026-09-25 04:57:29 - Step 914 | Zone 4 | REJECTED [SOC_HIGH] | SOC 1.000 | Proposed 0.107 -> Applied -0.100 | Battery SOC is above the safe maximum. Continuing to charge risks overcharge and battery degradation.
2026-09-25 04:57:30 - Step 916 | Zone 1 | REJECTED [SOC_HIGH] | SOC 0.960 | Proposed 0.326 -> Applied -0.100 | Battery SOC is above the safe maximum. Continuing to charge risks overcharge and battery degradation.
2026-09-25 04:57:30 - Step 917 | Zone 0 | REJECTED [SOC_LOW] | SOC 0.000 | Proposed -0.329 -> Applied 0.100 | Battery SOC is below the safe minimum. Continuing to discharge risks an empty battery and forced grid import.
2026-09-25 04:57:30 - Step 917 | Zone 3 | REJECTED [SOC_HIGH] | SOC 0.961 | Proposed 0.339 -> Applied -0.100 | Battery SOC is above the safe maximum. Continuing to charge risks overcharge and battery degradation.
2026-09-25 04:57:31 - Step 919 | Zone 0 | REJECTED [SOC_LOW] | SOC 0.000 | Proposed -0.388 -> Applied 0.100 | Battery SOC is below the safe minimum. Continuing to discharge risks an empty battery and forced grid import.
2026-09-25 04:57:31 - Step 919 | Zone 3 | REJECTED [SOC_HIGH] | SOC 0.969 | Proposed 0.202 -> Applied -0.100 | Battery SOC is above the safe maximum. Continuing to charge risks overcharge and battery degradation.
2026-09-25 04:57:31 - Step 923 | Zone 2 | REJECTED [SOC_LOW] | SOC 0.026 | Proposed 0.008 -> Applied 0.100 | Battery SOC is below the safe minimum. Continuing to discharge risks an empty battery and forced grid import.
2026-09-25 04:57:32 - Step 925 | Zone 2 | REJECTED [SOC_LOW] | SOC 0.000 | Proposed -0.436 -> Applied 0.100 | Battery SOC is below the safe minimum. Continuing to discharge risks an empty battery and forced grid import.
2026-09-25 04:57:32 - Step 925 | Zone 3 | REJECTED [SOC_LOW] | SOC 0.000 | Proposed -0.302 -> Applied 0.100 | Battery SOC is below the safe minimum. Continuing to discharge risks an empty battery and forced grid import.
2026-09-25 04:57:32 - Step 927 | Zone 2 | REJECTED [SOC_LOW] | SOC 0.000 | Proposed -0.024 -> Applied 0.100 | Battery SOC is below the safe minimum. Continuing to discharge risks an empty battery and forced grid import.
2026-09-25 04:57:33 - Step 928 | Zone 3 | REJECTED [SOC_LOW] | SOC 0.000 | Proposed -0.091 -> Applied 0.100 | Battery SOC is below the safe minimum. Continuing to discharge risks an empty battery and forced grid import.
2026-09-25 04:57:34 - Step 935 | Zone 2 | REJECTED [SOC_HIGH] | SOC 1.000 | Proposed 0.333 -> Applied -0.100 | Battery SOC is above the safe maximum. Continuing to charge risks overcharge and battery degradation.
2026-09-25 04:57:34 - Step 935 | Zone 3 | REJECTED [SOC_HIGH] | SOC 1.000 | Proposed 0.236 -> Applied -0.100 | Battery SOC is above the safe maximum. Continuing to charge risks overcharge and battery degradation.
2026-09-25 04:57:34 - Step 936 | Zone 1 | REJECTED [SOC_HIGH] | SOC 1.000 | Proposed 0.399 -> Applied -0.100 | Battery SOC is above the safe maximum. Continuing to charge risks overcharge and battery degradation.
2026-09-25 04:57:35 - Step 937 | Zone 2 | REJECTED [SOC_HIGH] | SOC 1.000 | Proposed 0.294 -> Applied -0.100 | Battery SOC is above the safe maximum. Continuing to charge risks overcharge and battery degradation.
2026-09-25 04:57:35 - Step 940 | Zone 1 | REJECTED [DEMAND_SPIKE] | SOC 0.908 | Proposed 0.387 -> Applied 0.000 | Building demand exceeded the allowed multiple of its recent average. Charging now would add to a demand spike and raise peak-demand cost.
2026-09-25 04:57:36 - Step 942 | Zone 2 | REJECTED [SOC_LOW] | SOC 0.000 | Proposed -0.448 -> Applied 0.100 | Battery SOC is below the safe minimum. Continuing to discharge risks an empty battery and forced grid import.
2026-09-25 04:57:37 - Step 947 | Zone 2 | REJECTED [DEMAND_SPIKE] | SOC 0.438 | Proposed 0.455 -> Applied 0.000 | Building demand exceeded the allowed multiple of its recent average. Charging now would add to a demand spike and raise peak-demand cost.
2026-09-25 04:57:38 - Step 952 | Zone 0 | REJECTED [SOC_LOW] | SOC 0.000 | Proposed -0.164 -> Applied 0.100 | Battery SOC is below the safe minimum. Continuing to discharge risks an empty battery and forced grid import.
2026-09-25 04:57:38 - Step 952 | Zone 3 | REJECTED [SOC_LOW] | SOC 0.000 | Proposed -0.458 -> Applied 0.100 | Battery SOC is below the safe minimum. Continuing to discharge risks an empty battery and forced grid import.
2026-09-25 04:57:39 - Step 954 | Zone 2 | REJECTED [SOC_LOW] | SOC 0.000 | Proposed -0.037 -> Applied 0.100 | Battery SOC is below the safe minimum. Continuing to discharge risks an empty battery and forced grid import.
2026-09-25 04:57:39 - Step 954 | Zone 3 | REJECTED [SOC_LOW] | SOC 0.000 | Proposed -0.339 -> Applied 0.100 | Battery SOC is below the safe minimum. Continuing to discharge risks an empty battery and forced grid import.
2026-09-25 04:57:39 - Step 955 | Zone 0 | REJECTED [SOC_LOW] | SOC 0.033 | Proposed 0.066 -> Applied 0.100 | Battery SOC is below the safe minimum. Continuing to discharge risks an empty battery and forced grid import.
2026-09-25 04:57:40 - Step 959 | Zone 4 | REJECTED [SOC_HIGH] | SOC 1.000 | Proposed 0.481 -> Applied -0.100 | Battery SOC is above the safe maximum. Continuing to charge risks overcharge and battery degradation.
2026-09-25 04:57:40 - Step 960 | Zone 0 | REJECTED [SOC_HIGH] | SOC 0.983 | Proposed 0.214 -> Applied -0.100 | Battery SOC is above the safe maximum. Continuing to charge risks overcharge and battery degradation.
2026-09-25 04:57:40 - Step 960 | Zone 2 | REJECTED [SOC_HIGH] | SOC 1.000 | Proposed 0.448 -> Applied -0.100 | Battery SOC is above the safe maximum. Continuing to charge risks overcharge and battery degradation.
2026-09-25 04:57:40 - Step 961 | Zone 3 | REJECTED [SOC_HIGH] | SOC 1.000 | Proposed 0.378 -> Applied -0.100 | Battery SOC is above the safe maximum. Continuing to charge risks overcharge and battery degradation.
2026-09-25 04:57:40 - Step 961 | Zone 4 | REJECTED [SOC_HIGH] | SOC 1.000 | Proposed 0.483 -> Applied -0.100 | Battery SOC is above the safe maximum. Continuing to charge risks overcharge and battery degradation.
2026-09-25 04:57:41 - Step 962 | Zone 2 | REJECTED [SOC_HIGH] | SOC 1.000 | Proposed 0.415 -> Applied -0.100 | Battery SOC is above the safe maximum. Continuing to charge risks overcharge and battery degradation.
2026-09-25 04:57:41 - Step 963 | Zone 1 | REJECTED [SOC_HIGH] | SOC 0.950 | Proposed 0.020 -> Applied -0.100 | Battery SOC is above the safe maximum. Continuing to charge risks overcharge and battery degradation.
2026-09-25 04:57:41 - Step 964 | Zone 2 | REJECTED [SOC_HIGH] | SOC 1.000 | Proposed 0.394 -> Applied -0.100 | Battery SOC is above the safe maximum. Continuing to charge risks overcharge and battery degradation.
2026-09-25 04:57:42 - Step 966 | Zone 0 | REJECTED [DEMAND_SPIKE] | SOC 0.539 | Proposed 0.387 -> Applied 0.000 | Building demand exceeded the allowed multiple of its recent average. Charging now would add to a demand spike and raise peak-demand cost.
2026-09-25 04:57:42 - Step 966 | Zone 2 | REJECTED [SOC_HIGH] | SOC 1.000 | Proposed 0.213 -> Applied -0.100 | Battery SOC is above the safe maximum. Continuing to charge risks overcharge and battery degradation.
2026-09-25 04:57:42 - Step 967 | Zone 1 | REJECTED [SOC_HIGH] | SOC 0.983 | Proposed -0.037 -> Applied -0.100 | Battery SOC is above the safe maximum. Continuing to charge risks overcharge and battery degradation.
2026-09-25 04:57:42 - Step 969 | Zone 2 | REJECTED [SOC_HIGH] | SOC 1.000 | Proposed 0.357 -> Applied -0.100 | Battery SOC is above the safe maximum. Continuing to charge risks overcharge and battery degradation.
2026-09-25 04:57:42 - Step 969 | Zone 3 | REJECTED [DEMAND_SPIKE] | SOC 0.477 | Proposed 0.263 -> Applied 0.000 | Building demand exceeded the allowed multiple of its recent average. Charging now would add to a demand spike and raise peak-demand cost.
2026-09-25 04:57:44 - Step 976 | Zone 0 | REJECTED [SOC_LOW] | SOC 0.000 | Proposed -0.030 -> Applied 0.100 | Battery SOC is below the safe minimum. Continuing to discharge risks an empty battery and forced grid import.
2026-09-25 04:57:44 - Step 977 | Zone 2 | REJECTED [SOC_LOW] | SOC 0.002 | Proposed -0.030 -> Applied 0.100 | Battery SOC is below the safe minimum. Continuing to discharge risks an empty battery and forced grid import.
2026-09-25 04:57:45 - Step 983 | Zone 1 | REJECTED [SOC_HIGH] | SOC 0.997 | Proposed 0.358 -> Applied -0.100 | Battery SOC is above the safe maximum. Continuing to charge risks overcharge and battery degradation.
2026-09-25 04:57:46 - Step 984 | Zone 4 | REJECTED [SOC_HIGH] | SOC 1.000 | Proposed 0.460 -> Applied -0.100 | Battery SOC is above the safe maximum. Continuing to charge risks overcharge and battery degradation.
2026-09-25 04:57:46 - Step 985 | Zone 1 | REJECTED [SOC_HIGH] | SOC 1.000 | Proposed 0.076 -> Applied -0.100 | Battery SOC is above the safe maximum. Continuing to charge risks overcharge and battery degradation.
2026-09-25 04:57:46 - Step 986 | Zone 0 | REJECTED [SOC_HIGH] | SOC 1.000 | Proposed 0.166 -> Applied -0.100 | Battery SOC is above the safe maximum. Continuing to charge risks overcharge and battery degradation.
2026-09-25 04:57:46 - Step 986 | Zone 2 | REJECTED [SOC_HIGH] | SOC 1.000 | Proposed 0.322 -> Applied -0.100 | Battery SOC is above the safe maximum. Continuing to charge risks overcharge and battery degradation.
2026-09-25 04:57:46 - Step 986 | Zone 3 | REJECTED [SOC_HIGH] | SOC 1.000 | Proposed 0.215 -> Applied -0.100 | Battery SOC is above the safe maximum. Continuing to charge risks overcharge and battery degradation.
2026-09-25 04:57:47 - Step 988 | Zone 3 | REJECTED [SOC_HIGH] | SOC 1.000 | Proposed 0.294 -> Applied -0.100 | Battery SOC is above the safe maximum. Continuing to charge risks overcharge and battery degradation.
2026-09-25 04:57:48 - Step 994 | Zone 4 | REJECTED [SOC_LOW] | SOC 0.000 | Proposed -0.285 -> Applied 0.100 | Battery SOC is below the safe minimum. Continuing to discharge risks an empty battery and forced grid import.
2026-09-25 04:57:49 - Step 996 | Zone 4 | REJECTED [SOC_LOW] | SOC 0.000 | Proposed -0.160 -> Applied 0.100 | Battery SOC is below the safe minimum. Continuing to discharge risks an empty battery and forced grid import.
2026-09-25 04:57:50 - Step 1001 | Zone 2 | REJECTED [SOC_LOW] | SOC 0.000 | Proposed -0.128 -> Applied 0.100 | Battery SOC is below the safe minimum. Continuing to discharge risks an empty battery and forced grid import.
2026-09-25 04:57:52 - Step 1008 | Zone 4 | REJECTED [SOC_HIGH] | SOC 1.000 | Proposed 0.029 -> Applied -0.100 | Battery SOC is above the safe maximum. Continuing to charge risks overcharge and battery degradation.
2026-09-25 04:57:52 - Step 1009 | Zone 0 | REJECTED [SOC_HIGH] | SOC 1.000 | Proposed 0.439 -> Applied -0.100 | Battery SOC is above the safe maximum. Continuing to charge risks overcharge and battery degradation.
2026-09-25 04:57:52 - Step 1009 | Zone 2 | REJECTED [SOC_HIGH] | SOC 1.000 | Proposed -0.007 -> Applied -0.100 | Battery SOC is above the safe maximum. Continuing to charge risks overcharge and battery degradation.
2026-09-25 04:57:53 - Step 1010 | Zone 4 | REJECTED [SOC_HIGH] | SOC 1.000 | Proposed 0.252 -> Applied -0.100 | Battery SOC is above the safe maximum. Continuing to charge risks overcharge and battery degradation.
2026-09-25 04:57:53 - Step 1011 | Zone 0 | REJECTED [SOC_HIGH] | SOC 1.000 | Proposed 0.440 -> Applied -0.100 | Battery SOC is above the safe maximum. Continuing to charge risks overcharge and battery degradation.
2026-09-25 04:57:55 - Step 1020 | Zone 3 | REJECTED [SOC_LOW] | SOC 0.046 | Proposed -0.095 -> Applied 0.100 | Battery SOC is below the safe minimum. Continuing to discharge risks an empty battery and forced grid import.
2026-09-25 04:57:55 - Step 1022 | Zone 3 | REJECTED [SOC_LOW] | SOC 0.000 | Proposed -0.314 -> Applied 0.100 | Battery SOC is below the safe minimum. Continuing to discharge risks an empty battery and forced grid import.
2026-09-25 04:57:56 - Step 1025 | Zone 3 | REJECTED [SOC_LOW] | SOC 0.000 | Proposed -0.096 -> Applied 0.100 | Battery SOC is below the safe minimum. Continuing to discharge risks an empty battery and forced grid import.
2026-09-25 04:57:59 - Step 1037 | Zone 2 | REJECTED [SOC_LOW] | SOC 0.000 | Proposed -0.346 -> Applied 0.100 | Battery SOC is below the safe minimum. Continuing to discharge risks an empty battery and forced grid import.
2026-09-25 04:57:59 - Step 1039 | Zone 2 | REJECTED [SOC_LOW] | SOC 0.000 | Proposed -0.198 -> Applied 0.100 | Battery SOC is below the safe minimum. Continuing to discharge risks an empty battery and forced grid import.
2026-09-25 04:58:00 - Step 1040 | Zone 4 | REJECTED [SOC_LOW] | SOC 0.000 | Proposed -0.048 -> Applied 0.100 | Battery SOC is below the safe minimum. Continuing to discharge risks an empty battery and forced grid import.
2026-09-25 04:58:01 - Step 1048 | Zone 3 | REJECTED [SOC_LOW] | SOC 0.029 | Proposed -0.290 -> Applied 0.100 | Battery SOC is below the safe minimum. Continuing to discharge risks an empty battery and forced grid import.
2026-09-25 04:58:02 - Step 1049 | Zone 0 | REJECTED [SOC_LOW] | SOC 0.007 | Proposed 0.035 -> Applied 0.100 | Battery SOC is below the safe minimum. Continuing to discharge risks an empty battery and forced grid import.
2026-09-25 04:58:03 - Step 1055 | Zone 4 | REJECTED [SOC_HIGH] | SOC 0.969 | Proposed 0.289 -> Applied -0.100 | Battery SOC is above the safe maximum. Continuing to charge risks overcharge and battery degradation.
2026-09-25 04:58:04 - Step 1057 | Zone 3 | REJECTED [SOC_HIGH] | SOC 1.000 | Proposed 0.122 -> Applied -0.100 | Battery SOC is above the safe maximum. Continuing to charge risks overcharge and battery degradation.
2026-09-25 04:58:04 - Step 1057 | Zone 4 | REJECTED [SOC_HIGH] | SOC 1.000 | Proposed 0.379 -> Applied -0.100 | Battery SOC is above the safe maximum. Continuing to charge risks overcharge and battery degradation.
2026-09-25 04:58:04 - Step 1058 | Zone 0 | REJECTED [SOC_HIGH] | SOC 1.000 | Proposed 0.478 -> Applied -0.100 | Battery SOC is above the safe maximum. Continuing to charge risks overcharge and battery degradation.
2026-09-25 04:58:04 - Step 1058 | Zone 1 | REJECTED [SOC_HIGH] | SOC 1.000 | Proposed -0.013 -> Applied -0.100 | Battery SOC is above the safe maximum. Continuing to charge risks overcharge and battery degradation.
2026-09-25 04:58:04 - Step 1059 | Zone 3 | REJECTED [SOC_HIGH] | SOC 0.966 | Proposed 0.102 -> Applied -0.100 | Battery SOC is above the safe maximum. Continuing to charge risks overcharge and battery degradation.
2026-09-25 04:58:04 - Step 1059 | Zone 4 | REJECTED [SOC_HIGH] | SOC 1.000 | Proposed 0.385 -> Applied -0.100 | Battery SOC is above the safe maximum. Continuing to charge risks overcharge and battery degradation.
2026-09-25 04:58:04 - Step 1060 | Zone 1 | REJECTED [SOC_HIGH] | SOC 1.000 | Proposed 0.136 -> Applied -0.100 | Battery SOC is above the safe maximum. Continuing to charge risks overcharge and battery degradation.
2026-09-25 04:58:05 - Step 1063 | Zone 4 | REJECTED [DEMAND_SPIKE] | SOC 0.475 | Proposed 0.076 -> Applied 0.000 | Building demand exceeded the allowed multiple of its recent average. Charging now would add to a demand spike and raise peak-demand cost.
2026-09-25 04:58:06 - Step 1068 | Zone 4 | REJECTED [SOC_LOW] | SOC 0.000 | Proposed -0.243 -> Applied 0.100 | Battery SOC is below the safe minimum. Continuing to discharge risks an empty battery and forced grid import.
2026-09-25 04:58:07 - Step 1073 | Zone 0 | REJECTED [SOC_LOW] | SOC 0.000 | Proposed 0.041 -> Applied 0.100 | Battery SOC is below the safe minimum. Continuing to discharge risks an empty battery and forced grid import.
2026-09-25 04:58:07 - Step 1074 | Zone 2 | REJECTED [SOC_LOW] | SOC 0.000 | Proposed -0.035 -> Applied 0.100 | Battery SOC is below the safe minimum. Continuing to discharge risks an empty battery and forced grid import.
2026-09-25 04:58:08 - Step 1075 | Zone 4 | REJECTED [SOC_LOW] | SOC 0.000 | Proposed -0.171 -> Applied 0.100 | Battery SOC is below the safe minimum. Continuing to discharge risks an empty battery and forced grid import.
2026-09-25 04:58:09 - Step 1081 | Zone 0 | REJECTED [SOC_HIGH] | SOC 1.000 | Proposed 0.350 -> Applied -0.100 | Battery SOC is above the safe maximum. Continuing to charge risks overcharge and battery degradation.
2026-09-25 04:58:09 - Step 1082 | Zone 3 | REJECTED [SOC_HIGH] | SOC 1.000 | Proposed 0.085 -> Applied -0.100 | Battery SOC is above the safe maximum. Continuing to charge risks overcharge and battery degradation.
2026-09-25 04:58:10 - Step 1085 | Zone 1 | REJECTED [DEMAND_SPIKE] | SOC 0.683 | Proposed 0.032 -> Applied 0.000 | Building demand exceeded the allowed multiple of its recent average. Charging now would add to a demand spike and raise peak-demand cost.
2026-09-25 04:58:10 - Step 1085 | Zone 2 | REJECTED [SOC_LOW] | SOC 0.000 | Proposed -0.118 -> Applied 0.100 | Battery SOC is below the safe minimum. Continuing to discharge risks an empty battery and forced grid import.
2026-09-25 04:58:12 - Step 1092 | Zone 1 | REJECTED [SOC_LOW] | SOC 0.000 | Proposed -0.204 -> Applied 0.100 | Battery SOC is below the safe minimum. Continuing to discharge risks an empty battery and forced grid import.
2026-09-25 04:58:12 - Step 1094 | Zone 2 | REJECTED [SOC_HIGH] | SOC 0.952 | Proposed -0.000 -> Applied -0.100 | Battery SOC is above the safe maximum. Continuing to charge risks overcharge and battery degradation.
2026-09-25 04:58:13 - Step 1099 | Zone 2 | REJECTED [SOC_LOW] | SOC 0.000 | Proposed -0.192 -> Applied 0.100 | Battery SOC is below the safe minimum. Continuing to discharge risks an empty battery and forced grid import.
2026-09-25 04:58:15 - Step 1105 | Zone 0 | REJECTED [SOC_HIGH] | SOC 1.000 | Proposed -0.030 -> Applied -0.100 | Battery SOC is above the safe maximum. Continuing to charge risks overcharge and battery degradation.
2026-09-25 04:58:15 - Step 1105 | Zone 2 | REJECTED [SOC_HIGH] | SOC 1.000 | Proposed 0.078 -> Applied -0.100 | Battery SOC is above the safe maximum. Continuing to charge risks overcharge and battery degradation.
2026-09-25 04:58:15 - Step 1105 | Zone 4 | REJECTED [SOC_HIGH] | SOC 1.000 | Proposed 0.003 -> Applied -0.100 | Battery SOC is above the safe maximum. Continuing to charge risks overcharge and battery degradation.
2026-09-25 04:58:15 - Step 1107 | Zone 2 | REJECTED [SOC_HIGH] | SOC 1.000 | Proposed 0.054 -> Applied -0.100 | Battery SOC is above the safe maximum. Continuing to charge risks overcharge and battery degradation.
2026-09-25 04:58:15 - Step 1108 | Zone 3 | REJECTED [SOC_HIGH] | SOC 0.999 | Proposed 0.307 -> Applied -0.100 | Battery SOC is above the safe maximum. Continuing to charge risks overcharge and battery degradation.
2026-09-25 04:58:16 - Step 1110 | Zone 3 | REJECTED [SOC_HIGH] | SOC 1.000 | Proposed 0.375 -> Applied -0.100 | Battery SOC is above the safe maximum. Continuing to charge risks overcharge and battery degradation.
2026-09-25 04:58:17 - Step 1113 | Zone 1 | REJECTED [SOC_LOW] | SOC 0.000 | Proposed -0.260 -> Applied 0.100 | Battery SOC is below the safe minimum. Continuing to discharge risks an empty battery and forced grid import.
2026-09-25 04:58:17 - Step 1116 | Zone 1 | REJECTED [SOC_LOW] | SOC 0.000 | Proposed -0.290 -> Applied 0.100 | Battery SOC is below the safe minimum. Continuing to discharge risks an empty battery and forced grid import.
2026-09-25 04:58:18 - Step 1118 | Zone 1 | REJECTED [SOC_LOW] | SOC 0.000 | Proposed -0.004 -> Applied 0.100 | Battery SOC is below the safe minimum. Continuing to discharge risks an empty battery and forced grid import.
2026-09-25 04:58:18 - Step 1120 | Zone 0 | REJECTED [SOC_LOW] | SOC 0.000 | Proposed -0.324 -> Applied 0.100 | Battery SOC is below the safe minimum. Continuing to discharge risks an empty battery and forced grid import.
2026-09-25 04:58:19 - Step 1124 | Zone 0 | REJECTED [SOC_LOW] | SOC 0.000 | Proposed -0.360 -> Applied 0.100 | Battery SOC is below the safe minimum. Continuing to discharge risks an empty battery and forced grid import.
2026-09-25 04:58:20 - Step 1126 | Zone 1 | REJECTED [SOC_HIGH] | SOC 1.000 | Proposed 0.405 -> Applied -0.100 | Battery SOC is above the safe maximum. Continuing to charge risks overcharge and battery degradation.
2026-09-25 04:58:20 - Step 1127 | Zone 4 | REJECTED [SOC_HIGH] | SOC 1.000 | Proposed 0.470 -> Applied -0.100 | Battery SOC is above the safe maximum. Continuing to charge risks overcharge and battery degradation.
2026-09-25 04:58:20 - Step 1128 | Zone 1 | REJECTED [SOC_HIGH] | SOC 1.000 | Proposed 0.242 -> Applied -0.100 | Battery SOC is above the safe maximum. Continuing to charge risks overcharge and battery degradation.
2026-09-25 04:58:20 - Step 1128 | Zone 3 | REJECTED [SOC_HIGH] | SOC 1.000 | Proposed 0.442 -> Applied -0.100 | Battery SOC is above the safe maximum. Continuing to charge risks overcharge and battery degradation.
2026-09-25 04:58:20 - Step 1129 | Zone 4 | REJECTED [SOC_HIGH] | SOC 1.000 | Proposed 0.283 -> Applied -0.100 | Battery SOC is above the safe maximum. Continuing to charge risks overcharge and battery degradation.
2026-09-25 04:58:20 - Step 1130 | Zone 3 | REJECTED [SOC_HIGH] | SOC 1.000 | Proposed 0.447 -> Applied -0.100 | Battery SOC is above the safe maximum. Continuing to charge risks overcharge and battery degradation.
2026-09-25 04:58:21 - Step 1131 | Zone 2 | REJECTED [SOC_HIGH] | SOC 1.000 | Proposed 0.184 -> Applied -0.100 | Battery SOC is above the safe maximum. Continuing to charge risks overcharge and battery degradation.
2026-09-25 04:58:21 - Step 1132 | Zone 3 | REJECTED [SOC_HIGH] | SOC 1.000 | Proposed 0.041 -> Applied -0.100 | Battery SOC is above the safe maximum. Continuing to charge risks overcharge and battery degradation.
2026-09-25 04:58:21 - Step 1133 | Zone 2 | REJECTED [SOC_HIGH] | SOC 1.000 | Proposed 0.231 -> Applied -0.100 | Battery SOC is above the safe maximum. Continuing to charge risks overcharge and battery degradation.
2026-09-25 04:58:21 - Step 1133 | Zone 4 | REJECTED [DEMAND_SPIKE] | SOC 0.459 | Proposed 0.230 -> Applied 0.000 | Building demand exceeded the allowed multiple of its recent average. Charging now would add to a demand spike and raise peak-demand cost.
2026-09-25 04:58:22 - Step 1135 | Zone 2 | REJECTED [SOC_HIGH] | SOC 0.964 | Proposed 0.011 -> Applied -0.100 | Battery SOC is above the safe maximum. Continuing to charge risks overcharge and battery degradation.
2026-09-25 04:58:23 - Step 1139 | Zone 1 | REJECTED [SOC_LOW] | SOC 0.000 | Proposed -0.121 -> Applied 0.100 | Battery SOC is below the safe minimum. Continuing to discharge risks an empty battery and forced grid import.
2026-09-25 04:58:24 - Step 1143 | Zone 0 | REJECTED [SOC_LOW] | SOC 0.000 | Proposed -0.415 -> Applied 0.100 | Battery SOC is below the safe minimum. Continuing to discharge risks an empty battery and forced grid import.
2026-09-25 04:58:24 - Step 1144 | Zone 2 | REJECTED [SOC_LOW] | SOC 0.000 | Proposed -0.192 -> Applied 0.100 | Battery SOC is below the safe minimum. Continuing to discharge risks an empty battery and forced grid import.
2026-09-25 04:58:24 - Step 1145 | Zone 0 | REJECTED [SOC_LOW] | SOC 0.000 | Proposed -0.179 -> Applied 0.100 | Battery SOC is below the safe minimum. Continuing to discharge risks an empty battery and forced grid import.
2026-09-25 04:58:24 - Step 1146 | Zone 2 | REJECTED [SOC_LOW] | SOC 0.000 | Proposed 0.072 -> Applied 0.100 | Battery SOC is below the safe minimum. Continuing to discharge risks an empty battery and forced grid import.
2026-09-25 04:58:25 - Step 1151 | Zone 1 | REJECTED [SOC_HIGH] | SOC 1.000 | Proposed 0.290 -> Applied -0.100 | Battery SOC is above the safe maximum. Continuing to charge risks overcharge and battery degradation.
2026-09-25 04:58:25 - Step 1151 | Zone 3 | REJECTED [SOC_HIGH] | SOC 1.000 | Proposed 0.150 -> Applied -0.100 | Battery SOC is above the safe maximum. Continuing to charge risks overcharge and battery degradation.
2026-09-25 04:58:25 - Step 1151 | Zone 4 | REJECTED [SOC_HIGH] | SOC 1.000 | Proposed 0.408 -> Applied -0.100 | Battery SOC is above the safe maximum. Continuing to charge risks overcharge and battery degradation.
2026-09-25 04:58:26 - Step 1152 | Zone 0 | REJECTED [SOC_HIGH] | SOC 0.955 | Proposed 0.364 -> Applied -0.100 | Battery SOC is above the safe maximum. Continuing to charge risks overcharge and battery degradation.
2026-09-25 04:58:26 - Step 1153 | Zone 3 | REJECTED [SOC_HIGH] | SOC 1.000 | Proposed 0.374 -> Applied -0.100 | Battery SOC is above the safe maximum. Continuing to charge risks overcharge and battery degradation.
2026-09-25 04:58:26 - Step 1153 | Zone 4 | REJECTED [SOC_HIGH] | SOC 1.000 | Proposed 0.442 -> Applied -0.100 | Battery SOC is above the safe maximum. Continuing to charge risks overcharge and battery degradation.
2026-09-25 04:58:26 - Step 1154 | Zone 0 | REJECTED [SOC_HIGH] | SOC 1.000 | Proposed -0.076 -> Applied -0.100 | Battery SOC is above the safe maximum. Continuing to charge risks overcharge and battery degradation.
2026-09-25 04:58:27 - Step 1159 | Zone 1 | REJECTED [SOC_LOW] | SOC 0.000 | Proposed 0.095 -> Applied 0.100 | Battery SOC is below the safe minimum. Continuing to discharge risks an empty battery and forced grid import.
2026-09-25 04:58:29 - Step 1168 | Zone 3 | REJECTED [SOC_HIGH] | SOC 0.953 | Proposed 0.203 -> Applied -0.100 | Battery SOC is above the safe maximum. Continuing to charge risks overcharge and battery degradation.
2026-09-25 04:58:29 - Step 1168 | Zone 4 | REJECTED [SOC_LOW] | SOC 0.000 | Proposed -0.108 -> Applied 0.100 | Battery SOC is below the safe minimum. Continuing to discharge risks an empty battery and forced grid import.
2026-09-25 04:58:30 - Step 1170 | Zone 4 | REJECTED [SOC_LOW] | SOC 0.022 | Proposed 0.081 -> Applied 0.100 | Battery SOC is below the safe minimum. Continuing to discharge risks an empty battery and forced grid import.
2026-09-25 04:58:31 - Step 1175 | Zone 4 | REJECTED [SOC_HIGH] | SOC 0.977 | Proposed 0.355 -> Applied -0.100 | Battery SOC is above the safe maximum. Continuing to charge risks overcharge and battery degradation.
2026-09-25 04:58:31 - Step 1176 | Zone 3 | REJECTED [SOC_HIGH] | SOC 0.960 | Proposed -0.022 -> Applied -0.100 | Battery SOC is above the safe maximum. Continuing to charge risks overcharge and battery degradation.
2026-09-25 04:58:31 - Step 1177 | Zone 0 | REJECTED [SOC_HIGH] | SOC 1.000 | Proposed 0.161 -> Applied -0.100 | Battery SOC is above the safe maximum. Continuing to charge risks overcharge and battery degradation.
2026-09-25 04:58:31 - Step 1177 | Zone 4 | REJECTED [SOC_HIGH] | SOC 1.000 | Proposed 0.439 -> Applied -0.100 | Battery SOC is above the safe maximum. Continuing to charge risks overcharge and battery degradation.
2026-09-25 04:58:33 - Step 1182 | Zone 2 | REJECTED [SOC_LOW] | SOC 0.000 | Proposed 0.097 -> Applied 0.100 | Battery SOC is below the safe minimum. Continuing to discharge risks an empty battery and forced grid import.
2026-09-25 04:58:33 - Step 1182 | Zone 4 | REJECTED [SOC_LOW] | SOC 0.000 | Proposed 0.083 -> Applied 0.100 | Battery SOC is below the safe minimum. Continuing to discharge risks an empty battery and forced grid import.
2026-09-25 04:58:33 - Step 1184 | Zone 2 | REJECTED [SOC_LOW] | SOC 0.000 | Proposed -0.122 -> Applied 0.100 | Battery SOC is below the safe minimum. Continuing to discharge risks an empty battery and forced grid import.
2026-09-25 04:58:33 - Step 1185 | Zone 4 | REJECTED [SOC_LOW] | SOC 0.000 | Proposed -0.154 -> Applied 0.100 | Battery SOC is below the safe minimum. Continuing to discharge risks an empty battery and forced grid import.
2026-09-25 04:58:34 - Step 1187 | Zone 3 | REJECTED [SOC_LOW] | SOC 0.000 | Proposed 0.087 -> Applied 0.100 | Battery SOC is below the safe minimum. Continuing to discharge risks an empty battery and forced grid import.
2026-09-25 04:58:35 - Step 1190 | Zone 3 | REJECTED [SOC_LOW] | SOC 0.007 | Proposed -0.100 -> Applied 0.100 | Battery SOC is below the safe minimum. Continuing to discharge risks an empty battery and forced grid import.
2026-09-25 04:58:35 - Step 1192 | Zone 3 | REJECTED [SOC_LOW] | SOC 0.000 | Proposed -0.447 -> Applied 0.100 | Battery SOC is below the safe minimum. Continuing to discharge risks an empty battery and forced grid import.
2026-09-25 04:58:35 - Step 1194 | Zone 3 | REJECTED [SOC_LOW] | SOC 0.000 | Proposed -0.402 -> Applied 0.100 | Battery SOC is below the safe minimum. Continuing to discharge risks an empty battery and forced grid import.
2026-09-25 04:58:37 - Step 1198 | Zone 3 | REJECTED [SOC_LOW] | SOC 0.042 | Proposed 0.094 -> Applied 0.100 | Battery SOC is below the safe minimum. Continuing to discharge risks an empty battery and forced grid import.
2026-09-25 04:58:37 - Step 1201 | Zone 0 | REJECTED [SOC_LOW] | SOC 0.000 | Proposed 0.069 -> Applied 0.100 | Battery SOC is below the safe minimum. Continuing to discharge risks an empty battery and forced grid import.
2026-09-25 04:58:37 - Step 1201 | Zone 1 | REJECTED [SOC_LOW] | SOC 0.000 | Proposed 0.052 -> Applied 0.100 | Battery SOC is below the safe minimum. Continuing to discharge risks an empty battery and forced grid import.
2026-09-25 04:58:37 - Step 1201 | Zone 4 | REJECTED [SOC_LOW] | SOC 0.000 | Proposed -0.072 -> Applied 0.100 | Battery SOC is below the safe minimum. Continuing to discharge risks an empty battery and forced grid import.
2026-09-25 04:58:39 - Step 1208 | Zone 2 | REJECTED [SOC_LOW] | SOC 0.000 | Proposed -0.035 -> Applied 0.100 | Battery SOC is below the safe minimum. Continuing to discharge risks an empty battery and forced grid import.
2026-09-25 04:58:41 - Step 1217 | Zone 3 | REJECTED [SOC_HIGH] | SOC 0.968 | Proposed -0.044 -> Applied -0.100 | Battery SOC is above the safe maximum. Continuing to charge risks overcharge and battery degradation.
2026-09-25 04:58:41 - Step 1219 | Zone 0 | REJECTED [SOC_HIGH] | SOC 1.000 | Proposed 0.356 -> Applied -0.100 | Battery SOC is above the safe maximum. Continuing to charge risks overcharge and battery degradation.
2026-09-25 04:58:43 - Step 1227 | Zone 3 | REJECTED [SOC_LOW] | SOC 0.000 | Proposed -0.351 -> Applied 0.100 | Battery SOC is below the safe minimum. Continuing to discharge risks an empty battery and forced grid import.
2026-09-25 04:58:45 - Step 1236 | Zone 2 | REJECTED [SOC_HIGH] | SOC 0.975 | Proposed 0.165 -> Applied -0.100 | Battery SOC is above the safe maximum. Continuing to charge risks overcharge and battery degradation.
2026-09-25 04:58:46 - Step 1238 | Zone 2 | REJECTED [SOC_HIGH] | SOC 0.976 | Proposed 0.225 -> Applied -0.100 | Battery SOC is above the safe maximum. Continuing to charge risks overcharge and battery degradation.
2026-09-25 04:58:46 - Step 1239 | Zone 0 | REJECTED [SOC_HIGH] | SOC 1.000 | Proposed 0.372 -> Applied -0.100 | Battery SOC is above the safe maximum. Continuing to charge risks overcharge and battery degradation.
2026-09-25 04:58:46 - Step 1240 | Zone 2 | REJECTED [SOC_HIGH] | SOC 1.000 | Proposed 0.212 -> Applied -0.100 | Battery SOC is above the safe maximum. Continuing to charge risks overcharge and battery degradation.
2026-09-25 04:58:46 - Step 1241 | Zone 0 | REJECTED [SOC_HIGH] | SOC 1.000 | Proposed 0.261 -> Applied -0.100 | Battery SOC is above the safe maximum. Continuing to charge risks overcharge and battery degradation.
2026-09-25 04:58:46 - Step 1241 | Zone 4 | REJECTED [SOC_HIGH] | SOC 1.000 | Proposed -0.099 -> Applied -0.100 | Battery SOC is above the safe maximum. Continuing to charge risks overcharge and battery degradation.
2026-09-25 04:58:47 - Step 1244 | Zone 4 | REJECTED [DEMAND_SPIKE] | SOC 0.748 | Proposed 0.119 -> Applied 0.000 | Building demand exceeded the allowed multiple of its recent average. Charging now would add to a demand spike and raise peak-demand cost.
2026-09-25 04:58:47 - Step 1245 | Zone 1 | REJECTED [SOC_LOW] | SOC 0.031 | Proposed 0.061 -> Applied 0.100 | Battery SOC is below the safe minimum. Continuing to discharge risks an empty battery and forced grid import.
2026-09-25 04:58:49 - Step 1251 | Zone 3 | REJECTED [SOC_LOW] | SOC 0.000 | Proposed 0.019 -> Applied 0.100 | Battery SOC is below the safe minimum. Continuing to discharge risks an empty battery and forced grid import.
2026-09-25 04:58:50 - Step 1256 | Zone 4 | REJECTED [SOC_LOW] | SOC 0.036 | Proposed 0.084 -> Applied 0.100 | Battery SOC is below the safe minimum. Continuing to discharge risks an empty battery and forced grid import.
2026-09-25 04:58:51 - Step 1263 | Zone 4 | REJECTED [SOC_HIGH] | SOC 1.000 | Proposed 0.281 -> Applied -0.100 | Battery SOC is above the safe maximum. Continuing to charge risks overcharge and battery degradation.
2026-09-25 04:58:52 - Step 1265 | Zone 4 | REJECTED [SOC_HIGH] | SOC 1.000 | Proposed -0.005 -> Applied -0.100 | Battery SOC is above the safe maximum. Continuing to charge risks overcharge and battery degradation.
2026-09-25 04:58:52 - Step 1266 | Zone 1 | REJECTED [DEMAND_SPIKE] | SOC 0.551 | Proposed 0.292 -> Applied 0.000 | Building demand exceeded the allowed multiple of its recent average. Charging now would add to a demand spike and raise peak-demand cost.
2026-09-25 04:58:54 - Step 1271 | Zone 4 | REJECTED [DEMAND_SPIKE] | SOC 0.294 | Proposed 0.019 -> Applied 0.000 | Building demand exceeded the allowed multiple of its recent average. Charging now would add to a demand spike and raise peak-demand cost.
2026-09-25 04:58:55 - Step 1273 | Zone 1 | REJECTED [SOC_LOW] | SOC 0.035 | Proposed -0.189 -> Applied 0.100 | Battery SOC is below the safe minimum. Continuing to discharge risks an empty battery and forced grid import.
2026-09-25 04:58:57 - Step 1280 | Zone 4 | REJECTED [SOC_LOW] | SOC 0.027 | Proposed -0.109 -> Applied 0.100 | Battery SOC is below the safe minimum. Continuing to discharge risks an empty battery and forced grid import.
2026-09-25 04:58:58 - Step 1287 | Zone 0 | REJECTED [SOC_HIGH] | SOC 1.000 | Proposed 0.394 -> Applied -0.100 | Battery SOC is above the safe maximum. Continuing to charge risks overcharge and battery degradation.
2026-09-25 04:58:59 - Step 1288 | Zone 1 | REJECTED [SOC_HIGH] | SOC 1.000 | Proposed 0.177 -> Applied -0.100 | Battery SOC is above the safe maximum. Continuing to charge risks overcharge and battery degradation.
2026-09-25 04:58:59 - Step 1289 | Zone 0 | REJECTED [SOC_HIGH] | SOC 1.000 | Proposed 0.210 -> Applied -0.100 | Battery SOC is above the safe maximum. Continuing to charge risks overcharge and battery degradation.
2026-09-25 04:58:59 - Step 1291 | Zone 0 | REJECTED [SOC_HIGH] | SOC 0.995 | Proposed 0.266 -> Applied -0.100 | Battery SOC is above the safe maximum. Continuing to charge risks overcharge and battery degradation.
2026-09-25 04:59:00 - Step 1292 | Zone 1 | REJECTED [SOC_LOW] | SOC 0.000 | Proposed -0.457 -> Applied 0.100 | Battery SOC is below the safe minimum. Continuing to discharge risks an empty battery and forced grid import.
2026-09-25 04:59:00 - Step 1295 | Zone 1 | REJECTED [DEMAND_SPIKE] | SOC 0.515 | Proposed 0.419 -> Applied 0.000 | Building demand exceeded the allowed multiple of its recent average. Charging now would add to a demand spike and raise peak-demand cost.
2026-09-25 04:59:01 - Step 1298 | Zone 2 | REJECTED [DEMAND_SPIKE] | SOC 0.899 | Proposed 0.015 -> Applied 0.000 | Building demand exceeded the allowed multiple of its recent average. Charging now would add to a demand spike and raise peak-demand cost.
2026-09-25 04:59:01 - Step 1300 | Zone 2 | REJECTED [SOC_HIGH] | SOC 0.960 | Proposed 0.244 -> Applied -0.100 | Battery SOC is above the safe maximum. Continuing to charge risks overcharge and battery degradation.
2026-09-25 04:59:02 - Step 1301 | Zone 3 | REJECTED [SOC_HIGH] | SOC 1.000 | Proposed 0.004 -> Applied -0.100 | Battery SOC is above the safe maximum. Continuing to charge risks overcharge and battery degradation.
2026-09-25 04:59:02 - Step 1302 | Zone 2 | REJECTED [SOC_HIGH] | SOC 1.000 | Proposed 0.220 -> Applied -0.100 | Battery SOC is above the safe maximum. Continuing to charge risks overcharge and battery degradation.
2026-09-25 04:59:03 - Step 1307 | Zone 1 | REJECTED [SOC_LOW] | SOC 0.000 | Proposed 0.060 -> Applied 0.100 | Battery SOC is below the safe minimum. Continuing to discharge risks an empty battery and forced grid import.
2026-09-25 04:59:03 - Step 1308 | Zone 3 | REJECTED [SOC_LOW] | SOC 0.004 | Proposed 0.022 -> Applied 0.100 | Battery SOC is below the safe minimum. Continuing to discharge risks an empty battery and forced grid import.
2026-09-25 04:59:04 - Step 1311 | Zone 4 | REJECTED [SOC_HIGH] | SOC 1.000 | Proposed 0.224 -> Applied -0.100 | Battery SOC is above the safe maximum. Continuing to charge risks overcharge and battery degradation.
2026-09-25 04:59:04 - Step 1312 | Zone 0 | REJECTED [SOC_HIGH] | SOC 1.000 | Proposed 0.330 -> Applied -0.100 | Battery SOC is above the safe maximum. Continuing to charge risks overcharge and battery degradation.
2026-09-25 04:59:04 - Step 1313 | Zone 4 | REJECTED [SOC_HIGH] | SOC 1.000 | Proposed 0.150 -> Applied -0.100 | Battery SOC is above the safe maximum. Continuing to charge risks overcharge and battery degradation.
2026-09-25 04:59:05 - Step 1315 | Zone 4 | REJECTED [SOC_HIGH] | SOC 1.000 | Proposed 0.241 -> Applied -0.100 | Battery SOC is above the safe maximum. Continuing to charge risks overcharge and battery degradation.
2026-09-25 04:59:06 - Step 1319 | Zone 0 | REJECTED [SOC_LOW] | SOC 0.021 | Proposed -0.273 -> Applied 0.100 | Battery SOC is below the safe minimum. Continuing to discharge risks an empty battery and forced grid import.
2026-09-25 04:59:07 - Step 1322 | Zone 2 | REJECTED [SOC_LOW] | SOC 0.003 | Proposed 0.002 -> Applied 0.100 | Battery SOC is below the safe minimum. Continuing to discharge risks an empty battery and forced grid import.
2026-09-25 04:59:08 - Step 1327 | Zone 4 | REJECTED [DEMAND_SPIKE] | SOC 0.326 | Proposed 0.227 -> Applied 0.000 | Building demand exceeded the allowed multiple of its recent average. Charging now would add to a demand spike and raise peak-demand cost.
2026-09-25 04:59:08 - Step 1329 | Zone 3 | REJECTED [SOC_LOW] | SOC 0.000 | Proposed -0.037 -> Applied 0.100 | Battery SOC is below the safe minimum. Continuing to discharge risks an empty battery and forced grid import.
2026-09-25 04:59:09 - Step 1331 | Zone 3 | REJECTED [SOC_LOW] | SOC 0.000 | Proposed -0.245 -> Applied 0.100 | Battery SOC is below the safe minimum. Continuing to discharge risks an empty battery and forced grid import.
2026-09-25 04:59:09 - Step 1333 | Zone 3 | REJECTED [SOC_LOW] | SOC 0.038 | Proposed -0.126 -> Applied 0.100 | Battery SOC is below the safe minimum. Continuing to discharge risks an empty battery and forced grid import.
2026-09-25 04:59:10 - Step 1335 | Zone 0 | REJECTED [SOC_HIGH] | SOC 1.000 | Proposed 0.152 -> Applied -0.100 | Battery SOC is above the safe maximum. Continuing to charge risks overcharge and battery degradation.
2026-09-25 04:59:10 - Step 1337 | Zone 2 | REJECTED [SOC_HIGH] | SOC 0.967 | Proposed -0.062 -> Applied -0.100 | Battery SOC is above the safe maximum. Continuing to charge risks overcharge and battery degradation.
2026-09-25 04:59:10 - Step 1337 | Zone 4 | REJECTED [SOC_HIGH] | SOC 0.981 | Proposed -0.045 -> Applied -0.100 | Battery SOC is above the safe maximum. Continuing to charge risks overcharge and battery degradation.
2026-09-25 04:59:11 - Step 1340 | Zone 1 | REJECTED [DEMAND_SPIKE] | SOC 0.594 | Proposed 0.003 -> Applied 0.000 | Building demand exceeded the allowed multiple of its recent average. Charging now would add to a demand spike and raise peak-demand cost.
2026-09-25 04:59:14 - Step 1352 | Zone 0 | REJECTED [SOC_LOW] | SOC 0.034 | Proposed -0.111 -> Applied 0.100 | Battery SOC is below the safe minimum. Continuing to discharge risks an empty battery and forced grid import.
2026-09-25 04:59:14 - Step 1352 | Zone 3 | REJECTED [SOC_LOW] | SOC 0.000 | Proposed -0.113 -> Applied 0.100 | Battery SOC is below the safe minimum. Continuing to discharge risks an empty battery and forced grid import.
2026-09-25 04:59:14 - Step 1354 | Zone 0 | REJECTED [SOC_LOW] | SOC 0.028 | Proposed -0.005 -> Applied 0.100 | Battery SOC is below the safe minimum. Continuing to discharge risks an empty battery and forced grid import.
2026-09-25 04:59:14 - Step 1354 | Zone 3 | REJECTED [SOC_LOW] | SOC 0.000 | Proposed -0.042 -> Applied 0.100 | Battery SOC is below the safe minimum. Continuing to discharge risks an empty battery and forced grid import.
2026-09-25 04:59:15 - Step 1356 | Zone 3 | REJECTED [SOC_LOW] | SOC 0.022 | Proposed 0.055 -> Applied 0.100 | Battery SOC is below the safe minimum. Continuing to discharge risks an empty battery and forced grid import.
2026-09-25 04:59:15 - Step 1359 | Zone 0 | REJECTED [SOC_HIGH] | SOC 1.000 | Proposed 0.233 -> Applied -0.100 | Battery SOC is above the safe maximum. Continuing to charge risks overcharge and battery degradation.
2026-09-25 04:59:16 - Step 1362 | Zone 2 | REJECTED [SOC_HIGH] | SOC 1.000 | Proposed 0.219 -> Applied -0.100 | Battery SOC is above the safe maximum. Continuing to charge risks overcharge and battery degradation.
2026-09-25 04:59:16 - Step 1362 | Zone 3 | REJECTED [SOC_HIGH] | SOC 1.000 | Proposed 0.078 -> Applied -0.100 | Battery SOC is above the safe maximum. Continuing to charge risks overcharge and battery degradation.
2026-09-25 04:59:18 - Step 1369 | Zone 3 | REJECTED [DEMAND_SPIKE] | SOC 0.281 | Proposed 0.218 -> Applied 0.000 | Building demand exceeded the allowed multiple of its recent average. Charging now would add to a demand spike and raise peak-demand cost.
2026-09-25 04:59:18 - Step 1372 | Zone 3 | REJECTED [SOC_LOW] | SOC 0.000 | Proposed 0.028 -> Applied 0.100 | Battery SOC is below the safe minimum. Continuing to discharge risks an empty battery and forced grid import.
2026-09-25 04:59:19 - Step 1374 | Zone 3 | REJECTED [SOC_LOW] | SOC 0.028 | Proposed 0.025 -> Applied 0.100 | Battery SOC is below the safe minimum. Continuing to discharge risks an empty battery and forced grid import.
2026-09-25 04:59:21 - Step 1385 | Zone 2 | REJECTED [SOC_HIGH] | SOC 1.000 | Proposed 0.476 -> Applied -0.100 | Battery SOC is above the safe maximum. Continuing to charge risks overcharge and battery degradation.
2026-09-25 04:59:21 - Step 1385 | Zone 4 | REJECTED [SOC_HIGH] | SOC 1.000 | Proposed 0.470 -> Applied -0.100 | Battery SOC is above the safe maximum. Continuing to charge risks overcharge and battery degradation.
2026-09-25 04:59:22 - Step 1387 | Zone 2 | REJECTED [SOC_HIGH] | SOC 1.000 | Proposed 0.270 -> Applied -0.100 | Battery SOC is above the safe maximum. Continuing to charge risks overcharge and battery degradation.
2026-09-25 04:59:23 - Step 1391 | Zone 4 | REJECTED [DEMAND_SPIKE] | SOC 0.167 | Proposed 0.105 -> Applied 0.000 | Building demand exceeded the allowed multiple of its recent average. Charging now would add to a demand spike and raise peak-demand cost.
2026-09-25 04:59:23 - Step 1393 | Zone 4 | REJECTED [SOC_LOW] | SOC 0.000 | Proposed 0.022 -> Applied 0.100 | Battery SOC is below the safe minimum. Continuing to discharge risks an empty battery and forced grid import.
2026-09-25 04:59:23 - Step 1395 | Zone 2 | REJECTED [DEMAND_SPIKE] | SOC 0.404 | Proposed 0.284 -> Applied 0.000 | Building demand exceeded the allowed multiple of its recent average. Charging now would add to a demand spike and raise peak-demand cost.
2026-09-25 04:59:24 - Step 1399 | Zone 3 | REJECTED [SOC_HIGH] | SOC 1.000 | Proposed 0.192 -> Applied -0.100 | Battery SOC is above the safe maximum. Continuing to charge risks overcharge and battery degradation.
2026-09-25 04:59:26 - Step 1408 | Zone 2 | REJECTED [SOC_HIGH] | SOC 1.000 | Proposed 0.106 -> Applied -0.100 | Battery SOC is above the safe maximum. Continuing to charge risks overcharge and battery degradation.
2026-09-25 04:59:30 - Step 1425 | Zone 3 | REJECTED [SOC_LOW] | SOC 0.000 | Proposed -0.403 -> Applied 0.100 | Battery SOC is below the safe minimum. Continuing to discharge risks an empty battery and forced grid import.
2026-09-25 04:59:34 - Step 1442 | Zone 0 | REJECTED [DEMAND_SPIKE] | SOC 0.395 | Proposed 0.022 -> Applied 0.000 | Building demand exceeded the allowed multiple of its recent average. Charging now would add to a demand spike and raise peak-demand cost.
2026-09-25 04:59:37 - Step 1455 | Zone 2 | REJECTED [SOC_HIGH] | SOC 0.986 | Proposed 0.102 -> Applied -0.100 | Battery SOC is above the safe maximum. Continuing to charge risks overcharge and battery degradation.
2026-09-25 04:59:38 - Step 1456 | Zone 4 | REJECTED [SOC_HIGH] | SOC 0.963 | Proposed 0.306 -> Applied -0.100 | Battery SOC is above the safe maximum. Continuing to charge risks overcharge and battery degradation.
2026-09-25 04:59:38 - Step 1457 | Zone 0 | REJECTED [SOC_HIGH] | SOC 0.968 | Proposed 0.023 -> Applied -0.100 | Battery SOC is above the safe maximum. Continuing to charge risks overcharge and battery degradation.
2026-09-25 04:59:38 - Step 1457 | Zone 2 | REJECTED [SOC_HIGH] | SOC 1.000 | Proposed 0.385 -> Applied -0.100 | Battery SOC is above the safe maximum. Continuing to charge risks overcharge and battery degradation.
2026-09-25 04:59:39 - Step 1463 | Zone 1 | REJECTED [DEMAND_SPIKE] | SOC 0.493 | Proposed 0.063 -> Applied 0.000 | Building demand exceeded the allowed multiple of its recent average. Charging now would add to a demand spike and raise peak-demand cost.
2026-09-25 04:59:39 - Step 1464 | Zone 0 | REJECTED [DEMAND_SPIKE] | SOC 0.499 | Proposed 0.015 -> Applied 0.000 | Building demand exceeded the allowed multiple of its recent average. Charging now would add to a demand spike and raise peak-demand cost.
2026-09-25 04:59:42 - Step 1475 | Zone 1 | REJECTED [SOC_LOW] | SOC 0.000 | Proposed -0.121 -> Applied 0.100 | Battery SOC is below the safe minimum. Continuing to discharge risks an empty battery and forced grid import.
2026-09-25 04:59:43 - Step 1481 | Zone 4 | REJECTED [SOC_HIGH] | SOC 1.000 | Proposed 0.396 -> Applied -0.100 | Battery SOC is above the safe maximum. Continuing to charge risks overcharge and battery degradation.
2026-09-25 04:59:44 - Step 1482 | Zone 0 | REJECTED [SOC_HIGH] | SOC 0.970 | Proposed 0.014 -> Applied -0.100 | Battery SOC is above the safe maximum. Continuing to charge risks overcharge and battery degradation.
2026-09-25 04:59:44 - Step 1482 | Zone 2 | REJECTED [SOC_HIGH] | SOC 1.000 | Proposed 0.310 -> Applied -0.100 | Battery SOC is above the safe maximum. Continuing to charge risks overcharge and battery degradation.
2026-09-25 04:59:44 - Step 1485 | Zone 2 | REJECTED [SOC_HIGH] | SOC 1.000 | Proposed 0.223 -> Applied -0.100 | Battery SOC is above the safe maximum. Continuing to charge risks overcharge and battery degradation.
2026-09-25 04:59:45 - Step 1489 | Zone 0 | REJECTED [DEMAND_SPIKE] | SOC 0.571 | Proposed 0.260 -> Applied 0.000 | Building demand exceeded the allowed multiple of its recent average. Charging now would add to a demand spike and raise peak-demand cost.
2026-09-25 04:59:49 - Step 1505 | Zone 0 | REJECTED [SOC_HIGH] | SOC 1.000 | Proposed -0.026 -> Applied -0.100 | Battery SOC is above the safe maximum. Continuing to charge risks overcharge and battery degradation.
2026-09-25 04:59:52 - Step 1516 | Zone 4 | REJECTED [SOC_HIGH] | SOC 1.000 | Proposed 0.093 -> Applied -0.100 | Battery SOC is above the safe maximum. Continuing to charge risks overcharge and battery degradation.
2026-09-25 04:59:52 - Step 1518 | Zone 4 | REJECTED [SOC_HIGH] | SOC 1.000 | Proposed 0.003 -> Applied -0.100 | Battery SOC is above the safe maximum. Continuing to charge risks overcharge and battery degradation.
2026-09-25 04:59:53 - Step 1521 | Zone 2 | REJECTED [SOC_LOW] | SOC 0.000 | Proposed -0.086 -> Applied 0.100 | Battery SOC is below the safe minimum. Continuing to discharge risks an empty battery and forced grid import.
2026-09-25 04:59:54 - Step 1526 | Zone 1 | REJECTED [SOC_HIGH] | SOC 1.000 | Proposed 0.428 -> Applied -0.100 | Battery SOC is above the safe maximum. Continuing to charge risks overcharge and battery degradation.
2026-09-25 04:59:56 - Step 1534 | Zone 2 | REJECTED [SOC_HIGH] | SOC 1.000 | Proposed 0.313 -> Applied -0.100 | Battery SOC is above the safe maximum. Continuing to charge risks overcharge and battery degradation.
2026-09-25 04:59:57 - Step 1539 | Zone 1 | REJECTED [SOC_LOW] | SOC 0.030 | Proposed 0.051 -> Applied 0.100 | Battery SOC is below the safe minimum. Continuing to discharge risks an empty battery and forced grid import.
2026-09-25 04:59:57 - Step 1540 | Zone 0 | REJECTED [SOC_HIGH] | SOC 0.951 | Proposed 0.003 -> Applied -0.100 | Battery SOC is above the safe maximum. Continuing to charge risks overcharge and battery degradation.
2026-09-25 04:59:58 - Step 1544 | Zone 2 | REJECTED [SOC_LOW] | SOC 0.047 | Proposed -0.042 -> Applied 0.100 | Battery SOC is below the safe minimum. Continuing to discharge risks an empty battery and forced grid import.
2026-09-25 04:59:59 - Step 1546 | Zone 2 | REJECTED [SOC_LOW] | SOC 0.000 | Proposed -0.121 -> Applied 0.100 | Battery SOC is below the safe minimum. Continuing to discharge risks an empty battery and forced grid import.
2026-09-25 05:00:00 - Step 1550 | Zone 4 | REJECTED [SOC_HIGH] | SOC 1.000 | Proposed -0.019 -> Applied -0.100 | Battery SOC is above the safe maximum. Continuing to charge risks overcharge and battery degradation.
2026-09-25 05:00:00 - Step 1552 | Zone 0 | REJECTED [SOC_HIGH] | SOC 1.000 | Proposed 0.328 -> Applied -0.100 | Battery SOC is above the safe maximum. Continuing to charge risks overcharge and battery degradation.
2026-09-25 05:00:00 - Step 1552 | Zone 4 | REJECTED [SOC_HIGH] | SOC 0.992 | Proposed 0.202 -> Applied -0.100 | Battery SOC is above the safe maximum. Continuing to charge risks overcharge and battery degradation.
2026-09-25 05:00:01 - Step 1554 | Zone 3 | REJECTED [SOC_HIGH] | SOC 1.000 | Proposed -0.061 -> Applied -0.100 | Battery SOC is above the safe maximum. Continuing to charge risks overcharge and battery degradation.
2026-09-25 05:00:02 - Step 1558 | Zone 1 | REJECTED [SOC_LOW] | SOC 0.000 | Proposed 0.025 -> Applied 0.100 | Battery SOC is below the safe minimum. Continuing to discharge risks an empty battery and forced grid import.
2026-09-25 05:00:02 - Step 1559 | Zone 4 | REJECTED [DEMAND_SPIKE] | SOC 0.261 | Proposed 0.040 -> Applied 0.000 | Building demand exceeded the allowed multiple of its recent average. Charging now would add to a demand spike and raise peak-demand cost.
2026-09-25 05:00:03 - Step 1560 | Zone 1 | REJECTED [SOC_LOW] | SOC 0.000 | Proposed -0.001 -> Applied 0.100 | Battery SOC is below the safe minimum. Continuing to discharge risks an empty battery and forced grid import.
2026-09-25 05:00:06 - Step 1575 | Zone 4 | REJECTED [SOC_HIGH] | SOC 1.000 | Proposed 0.303 -> Applied -0.100 | Battery SOC is above the safe maximum. Continuing to charge risks overcharge and battery degradation.
2026-09-25 05:00:06 - Step 1576 | Zone 0 | REJECTED [SOC_HIGH] | SOC 1.000 | Proposed 0.231 -> Applied -0.100 | Battery SOC is above the safe maximum. Continuing to charge risks overcharge and battery degradation.
2026-09-25 05:00:07 - Step 1577 | Zone 4 | REJECTED [SOC_HIGH] | SOC 1.000 | Proposed 0.356 -> Applied -0.100 | Battery SOC is above the safe maximum. Continuing to charge risks overcharge and battery degradation.
2026-09-25 05:00:08 - Step 1583 | Zone 4 | REJECTED [DEMAND_SPIKE] | SOC 0.210 | Proposed 0.169 -> Applied 0.000 | Building demand exceeded the allowed multiple of its recent average. Charging now would add to a demand spike and raise peak-demand cost.
2026-09-25 05:00:09 - Step 1586 | Zone 2 | REJECTED [DEMAND_SPIKE] | SOC 0.351 | Proposed 0.290 -> Applied 0.000 | Building demand exceeded the allowed multiple of its recent average. Charging now would add to a demand spike and raise peak-demand cost.
2026-09-25 05:00:09 - Step 1589 | Zone 4 | REJECTED [SOC_HIGH] | SOC 0.989 | Proposed -0.075 -> Applied -0.100 | Battery SOC is above the safe maximum. Continuing to charge risks overcharge and battery degradation.
2026-09-25 05:00:10 - Step 1593 | Zone 3 | REJECTED [SOC_LOW] | SOC 0.000 | Proposed -0.390 -> Applied 0.100 | Battery SOC is below the safe minimum. Continuing to discharge risks an empty battery and forced grid import.
2026-09-25 05:00:11 - Step 1595 | Zone 3 | REJECTED [SOC_LOW] | SOC 0.000 | Proposed 0.030 -> Applied 0.100 | Battery SOC is below the safe minimum. Continuing to discharge risks an empty battery and forced grid import.
2026-09-25 05:00:11 - Step 1596 | Zone 0 | REJECTED [SOC_LOW] | SOC 0.027 | Proposed 0.027 -> Applied 0.100 | Battery SOC is below the safe minimum. Continuing to discharge risks an empty battery and forced grid import.
2026-09-25 05:00:11 - Step 1597 | Zone 3 | REJECTED [SOC_LOW] | SOC 0.000 | Proposed 0.073 -> Applied 0.100 | Battery SOC is below the safe minimum. Continuing to discharge risks an empty battery and forced grid import.
2026-09-25 05:00:12 - Step 1601 | Zone 0 | REJECTED [SOC_LOW] | SOC 0.000 | Proposed -0.160 -> Applied 0.100 | Battery SOC is below the safe minimum. Continuing to discharge risks an empty battery and forced grid import.
2026-09-25 05:00:12 - Step 1601 | Zone 4 | REJECTED [SOC_LOW] | SOC 0.000 | Proposed -0.067 -> Applied 0.100 | Battery SOC is below the safe minimum. Continuing to discharge risks an empty battery and forced grid import.
2026-09-25 05:00:12 - Step 1627 | Zone 3 | REJECTED [SOC_LOW] | SOC 0.040 | Proposed -0.039 -> Applied 0.100 | Battery SOC is below the safe minimum. Continuing to discharge risks an empty battery and forced grid import.
2026-09-25 05:00:13 - Step 1639 | Zone 0 | REJECTED [SOC_HIGH] | SOC 0.954 | Proposed 0.228 -> Applied -0.100 | Battery SOC is above the safe maximum. Continuing to charge risks overcharge and battery degradation.
2026-09-25 05:00:13 - Step 1639 | Zone 4 | REJECTED [SOC_HIGH] | SOC 1.000 | Proposed -0.085 -> Applied -0.100 | Battery SOC is above the safe maximum. Continuing to charge risks overcharge and battery degradation.
2026-09-25 05:00:13 - Step 1649 | Zone 3 | REJECTED [SOC_LOW] | SOC 0.047 | Proposed 0.098 -> Applied 0.100 | Battery SOC is below the safe minimum. Continuing to discharge risks an empty battery and forced grid import.
2026-09-25 05:00:13 - Step 1651 | Zone 3 | REJECTED [SOC_LOW] | SOC 0.000 | Proposed 0.085 -> Applied 0.100 | Battery SOC is below the safe minimum. Continuing to discharge risks an empty battery and forced grid import.
2026-09-25 05:00:13 - Step 1662 | Zone 4 | REJECTED [SOC_HIGH] | SOC 1.000 | Proposed 0.414 -> Applied -0.100 | Battery SOC is above the safe maximum. Continuing to charge risks overcharge and battery degradation.
2026-09-25 05:00:13 - Step 1664 | Zone 4 | REJECTED [SOC_HIGH] | SOC 1.000 | Proposed 0.262 -> Applied -0.100 | Battery SOC is above the safe maximum. Continuing to charge risks overcharge and battery degradation.
2026-09-25 05:00:13 - Step 1665 | Zone 0 | REJECTED [SOC_HIGH] | SOC 0.951 | Proposed -0.074 -> Applied -0.100 | Battery SOC is above the safe maximum. Continuing to charge risks overcharge and battery degradation.
2026-09-25 05:00:13 - Step 1671 | Zone 4 | REJECTED [DEMAND_SPIKE] | SOC 0.414 | Proposed 0.092 -> Applied 0.000 | Building demand exceeded the allowed multiple of its recent average. Charging now would add to a demand spike and raise peak-demand cost.
2026-09-25 05:00:13 - Step 1674 | Zone 1 | REJECTED [SOC_LOW] | SOC 0.000 | Proposed 0.097 -> Applied 0.100 | Battery SOC is below the safe minimum. Continuing to discharge risks an empty battery and forced grid import.
2026-09-25 05:00:13 - Step 1680 | Zone 2 | REJECTED [DEMAND_SPIKE] | SOC 0.655 | Proposed 0.089 -> Applied 0.000 | Building demand exceeded the allowed multiple of its recent average. Charging now would add to a demand spike and raise peak-demand cost.
2026-09-25 05:00:13 - Step 1686 | Zone 0 | REJECTED [SOC_HIGH] | SOC 1.000 | Proposed 0.347 -> Applied -0.100 | Battery SOC is above the safe maximum. Continuing to charge risks overcharge and battery degradation.
2026-09-25 05:00:13 - Step 1688 | Zone 0 | REJECTED [SOC_HIGH] | SOC 1.000 | Proposed 0.417 -> Applied -0.100 | Battery SOC is above the safe maximum. Continuing to charge risks overcharge and battery degradation.
2026-09-25 05:00:13 - Step 1689 | Zone 1 | REJECTED [SOC_HIGH] | SOC 1.000 | Proposed -0.085 -> Applied -0.100 | Battery SOC is above the safe maximum. Continuing to charge risks overcharge and battery degradation.
2026-09-25 05:00:13 - Step 1690 | Zone 0 | REJECTED [SOC_HIGH] | SOC 1.000 | Proposed 0.314 -> Applied -0.100 | Battery SOC is above the safe maximum. Continuing to charge risks overcharge and battery degradation.
2026-09-25 05:00:13 - Step 1690 | Zone 2 | REJECTED [SOC_HIGH] | SOC 0.972 | Proposed 0.175 -> Applied -0.100 | Battery SOC is above the safe maximum. Continuing to charge risks overcharge and battery degradation.
2026-09-25 05:00:13 - Step 1695 | Zone 3 | REJECTED [DEMAND_SPIKE] | SOC 0.299 | Proposed 0.376 -> Applied 0.000 | Building demand exceeded the allowed multiple of its recent average. Charging now would add to a demand spike and raise peak-demand cost.
2026-09-25 05:00:13 - Step 1695 | Zone 4 | REJECTED [DEMAND_SPIKE] | SOC 0.387 | Proposed 0.007 -> Applied 0.000 | Building demand exceeded the allowed multiple of its recent average. Charging now would add to a demand spike and raise peak-demand cost.
2026-09-25 05:00:13 - Step 1697 | Zone 3 | REJECTED [DEMAND_SPIKE] | SOC 0.463 | Proposed 0.295 -> Applied 0.000 | Building demand exceeded the allowed multiple of its recent average. Charging now would add to a demand spike and raise peak-demand cost.
2026-09-25 05:00:14 - Step 1711 | Zone 0 | REJECTED [SOC_HIGH] | SOC 0.974 | Proposed 0.201 -> Applied -0.100 | Battery SOC is above the safe maximum. Continuing to charge risks overcharge and battery degradation.
2026-09-25 05:00:14 - Step 1712 | Zone 4 | REJECTED [SOC_HIGH] | SOC 1.000 | Proposed 0.316 -> Applied -0.100 | Battery SOC is above the safe maximum. Continuing to charge risks overcharge and battery degradation.
2026-09-25 05:00:14 - Step 1713 | Zone 0 | REJECTED [SOC_HIGH] | SOC 1.000 | Proposed -0.034 -> Applied -0.100 | Battery SOC is above the safe maximum. Continuing to charge risks overcharge and battery degradation.
2026-09-25 05:00:14 - Step 1736 | Zone 0 | REJECTED [SOC_HIGH] | SOC 0.959 | Proposed 0.301 -> Applied -0.100 | Battery SOC is above the safe maximum. Continuing to charge risks overcharge and battery degradation.
2026-09-25 05:00:14 - Step 1737 | Zone 1 | REJECTED [SOC_HIGH] | SOC 1.000 | Proposed 0.044 -> Applied -0.100 | Battery SOC is above the safe maximum. Continuing to charge risks overcharge and battery degradation.
2026-09-25 05:00:14 - Step 1737 | Zone 2 | REJECTED [SOC_HIGH] | SOC 1.000 | Proposed 0.001 -> Applied -0.100 | Battery SOC is above the safe maximum. Continuing to charge risks overcharge and battery degradation.
2026-09-25 05:00:14 - Step 1753 | Zone 3 | REJECTED [SOC_LOW] | SOC 0.000 | Proposed -0.040 -> Applied 0.100 | Battery SOC is below the safe minimum. Continuing to discharge risks an empty battery and forced grid import.
2026-09-25 05:00:14 - Step 1767 | Zone 0 | REJECTED [DEMAND_SPIKE] | SOC 0.328 | Proposed 0.133 -> Applied 0.000 | Building demand exceeded the allowed multiple of its recent average. Charging now would add to a demand spike and raise peak-demand cost.
2026-09-25 05:00:14 - Step 1772 | Zone 3 | REJECTED [SOC_LOW] | SOC 0.038 | Proposed -0.029 -> Applied 0.100 | Battery SOC is below the safe minimum. Continuing to discharge risks an empty battery and forced grid import.
2026-09-25 05:00:14 - Step 1778 | Zone 2 | REJECTED [SOC_LOW] | SOC 0.032 | Proposed -0.284 -> Applied 0.100 | Battery SOC is below the safe minimum. Continuing to discharge risks an empty battery and forced grid import.
2026-09-25 05:00:14 - Step 1781 | Zone 2 | REJECTED [SOC_LOW] | SOC 0.007 | Proposed -0.033 -> Applied 0.100 | Battery SOC is below the safe minimum. Continuing to discharge risks an empty battery and forced grid import.
2026-09-25 05:00:15 - Step 1785 | Zone 0 | REJECTED [SOC_HIGH] | SOC 1.000 | Proposed -0.020 -> Applied -0.100 | Battery SOC is above the safe maximum. Continuing to charge risks overcharge and battery degradation.
2026-09-25 05:00:15 - Step 1785 | Zone 2 | REJECTED [SOC_HIGH] | SOC 1.000 | Proposed 0.410 -> Applied -0.100 | Battery SOC is above the safe maximum. Continuing to charge risks overcharge and battery degradation.
2026-09-25 05:00:15 - Step 1785 | Zone 4 | REJECTED [SOC_HIGH] | SOC 1.000 | Proposed -0.020 -> Applied -0.100 | Battery SOC is above the safe maximum. Continuing to charge risks overcharge and battery degradation.
2026-09-25 05:00:15 - Step 1791 | Zone 4 | REJECTED [DEMAND_SPIKE] | SOC 0.288 | Proposed 0.231 -> Applied 0.000 | Building demand exceeded the allowed multiple of its recent average. Charging now would add to a demand spike and raise peak-demand cost.
2026-09-25 05:00:15 - Step 1793 | Zone 1 | REJECTED [DEMAND_SPIKE] | SOC 0.280 | Proposed 0.030 -> Applied 0.000 | Building demand exceeded the allowed multiple of its recent average. Charging now would add to a demand spike and raise peak-demand cost.
2026-09-25 05:00:15 - Step 1808 | Zone 2 | REJECTED [SOC_HIGH] | SOC 0.977 | Proposed 0.305 -> Applied -0.100 | Battery SOC is above the safe maximum. Continuing to charge risks overcharge and battery degradation.
2026-09-25 05:00:15 - Step 1814 | Zone 0 | REJECTED [DEMAND_SPIKE] | SOC 0.282 | Proposed 0.024 -> Applied 0.000 | Building demand exceeded the allowed multiple of its recent average. Charging now would add to a demand spike and raise peak-demand cost.
2026-09-25 05:00:15 - Step 1818 | Zone 3 | REJECTED [DEMAND_SPIKE] | SOC 0.414 | Proposed 0.336 -> Applied 0.000 | Building demand exceeded the allowed multiple of its recent average. Charging now would add to a demand spike and raise peak-demand cost.
2026-09-25 05:00:15 - Step 1856 | Zone 2 | REJECTED [SOC_HIGH] | SOC 1.000 | Proposed 0.388 -> Applied -0.100 | Battery SOC is above the safe maximum. Continuing to charge risks overcharge and battery degradation.
2026-09-25 05:00:15 - Step 1858 | Zone 2 | REJECTED [SOC_HIGH] | SOC 1.000 | Proposed 0.116 -> Applied -0.100 | Battery SOC is above the safe maximum. Continuing to charge risks overcharge and battery degradation.
2026-09-25 05:00:15 - Step 1863 | Zone 2 | REJECTED [DEMAND_SPIKE] | SOC 0.621 | Proposed 0.168 -> Applied 0.000 | Building demand exceeded the allowed multiple of its recent average. Charging now would add to a demand spike and raise peak-demand cost.
2026-09-25 05:00:15 - Step 1863 | Zone 4 | REJECTED [DEMAND_SPIKE] | SOC 0.285 | Proposed 0.219 -> Applied 0.000 | Building demand exceeded the allowed multiple of its recent average. Charging now would add to a demand spike and raise peak-demand cost.
2026-09-25 05:00:16 - Step 1875 | Zone 1 | REJECTED [SOC_LOW] | SOC 0.000 | Proposed -0.136 -> Applied 0.100 | Battery SOC is below the safe minimum. Continuing to discharge risks an empty battery and forced grid import.
2026-09-25 05:00:16 - Step 1880 | Zone 4 | REJECTED [SOC_HIGH] | SOC 0.996 | Proposed 0.135 -> Applied -0.100 | Battery SOC is above the safe maximum. Continuing to charge risks overcharge and battery degradation.
2026-09-25 05:00:16 - Step 1881 | Zone 0 | REJECTED [SOC_HIGH] | SOC 1.000 | Proposed 0.005 -> Applied -0.100 | Battery SOC is above the safe maximum. Continuing to charge risks overcharge and battery degradation.
2026-09-25 05:00:16 - Step 1882 | Zone 4 | REJECTED [SOC_HIGH] | SOC 1.000 | Proposed 0.007 -> Applied -0.100 | Battery SOC is above the safe maximum. Continuing to charge risks overcharge and battery degradation.
2026-09-25 05:00:16 - Step 1891 | Zone 0 | REJECTED [DEMAND_SPIKE] | SOC 0.475 | Proposed 0.048 -> Applied 0.000 | Building demand exceeded the allowed multiple of its recent average. Charging now would add to a demand spike and raise peak-demand cost.
2026-09-25 05:00:16 - Step 1891 | Zone 3 | REJECTED [DEMAND_SPIKE] | SOC 0.319 | Proposed 0.090 -> Applied 0.000 | Building demand exceeded the allowed multiple of its recent average. Charging now would add to a demand spike and raise peak-demand cost.
2026-09-25 05:00:16 - Step 1901 | Zone 2 | REJECTED [SOC_LOW] | SOC 0.000 | Proposed -0.156 -> Applied 0.100 | Battery SOC is below the safe minimum. Continuing to discharge risks an empty battery and forced grid import.
2026-09-25 05:00:16 - Step 1905 | Zone 3 | REJECTED [SOC_HIGH] | SOC 0.967 | Proposed -0.054 -> Applied -0.100 | Battery SOC is above the safe maximum. Continuing to charge risks overcharge and battery degradation.
2026-09-25 05:00:16 - Step 1906 | Zone 0 | REJECTED [SOC_HIGH] | SOC 0.981 | Proposed -0.061 -> Applied -0.100 | Battery SOC is above the safe maximum. Continuing to charge risks overcharge and battery degradation.
2026-09-25 05:00:16 - Step 1908 | Zone 1 | REJECTED [DEMAND_SPIKE] | SOC 0.275 | Proposed 0.186 -> Applied 0.000 | Building demand exceeded the allowed multiple of its recent average. Charging now would add to a demand spike and raise peak-demand cost.
2026-09-25 05:00:16 - Step 1916 | Zone 0 | REJECTED [DEMAND_SPIKE] | SOC 0.684 | Proposed 0.133 -> Applied 0.000 | Building demand exceeded the allowed multiple of its recent average. Charging now would add to a demand spike and raise peak-demand cost.
2026-09-25 05:00:16 - Step 1922 | Zone 2 | REJECTED [SOC_LOW] | SOC 0.000 | Proposed 0.033 -> Applied 0.100 | Battery SOC is below the safe minimum. Continuing to discharge risks an empty battery and forced grid import.
2026-09-25 05:00:16 - Step 1922 | Zone 4 | REJECTED [SOC_HIGH] | SOC 1.000 | Proposed 0.056 -> Applied -0.100 | Battery SOC is above the safe maximum. Continuing to charge risks overcharge and battery degradation.
2026-09-25 05:00:16 - Step 1933 | Zone 2 | REJECTED [SOC_HIGH] | SOC 0.976 | Proposed 0.232 -> Applied -0.100 | Battery SOC is above the safe maximum. Continuing to charge risks overcharge and battery degradation.
2026-09-25 05:00:16 - Step 1935 | Zone 2 | REJECTED [SOC_HIGH] | SOC 1.000 | Proposed -0.037 -> Applied -0.100 | Battery SOC is above the safe maximum. Continuing to charge risks overcharge and battery degradation.
2026-09-25 05:00:16 - Step 1940 | Zone 1 | REJECTED [SOC_LOW] | SOC 0.033 | Proposed 0.065 -> Applied 0.100 | Battery SOC is below the safe minimum. Continuing to discharge risks an empty battery and forced grid import.
2026-09-25 05:00:17 - Step 1946 | Zone 2 | REJECTED [SOC_LOW] | SOC 0.000 | Proposed -0.173 -> Applied 0.100 | Battery SOC is below the safe minimum. Continuing to discharge risks an empty battery and forced grid import.
2026-09-25 05:00:17 - Step 1955 | Zone 0 | REJECTED [DEMAND_SPIKE] | SOC 0.655 | Proposed 0.093 -> Applied 0.000 | Building demand exceeded the allowed multiple of its recent average. Charging now would add to a demand spike and raise peak-demand cost.
2026-09-25 05:00:17 - Step 1959 | Zone 4 | REJECTED [DEMAND_SPIKE] | SOC 0.238 | Proposed 0.168 -> Applied 0.000 | Building demand exceeded the allowed multiple of its recent average. Charging now would add to a demand spike and raise peak-demand cost.
2026-09-25 05:00:17 - Step 1975 | Zone 4 | REJECTED [SOC_HIGH] | SOC 1.000 | Proposed 0.360 -> Applied -0.100 | Battery SOC is above the safe maximum. Continuing to charge risks overcharge and battery degradation.
2026-09-25 05:00:17 - Step 1976 | Zone 0 | REJECTED [SOC_HIGH] | SOC 1.000 | Proposed 0.341 -> Applied -0.100 | Battery SOC is above the safe maximum. Continuing to charge risks overcharge and battery degradation.
2026-09-25 05:00:17 - Step 1977 | Zone 4 | REJECTED [SOC_HIGH] | SOC 1.000 | Proposed 0.345 -> Applied -0.100 | Battery SOC is above the safe maximum. Continuing to charge risks overcharge and battery degradation.
2026-09-25 05:00:17 - Step 1984 | Zone 1 | REJECTED [DEMAND_SPIKE] | SOC 0.342 | Proposed 0.055 -> Applied 0.000 | Building demand exceeded the allowed multiple of its recent average. Charging now would add to a demand spike and raise peak-demand cost.
2026-09-25 05:00:17 - Step 1994 | Zone 3 | REJECTED [SOC_LOW] | SOC 0.008 | Proposed -0.139 -> Applied 0.100 | Battery SOC is below the safe minimum. Continuing to discharge risks an empty battery and forced grid import.
